alter session set nls_date_format = 'YYYY-MM-DD HH24:MI:SS';

CREATE TABLE categoria(
    categoria_id INTEGER PRIMARY KEY,
    nombre VARCHAR2(50)
);

--******************************************************************************************************************************

CREATE TABLE estado_habitacion(
    estado_habitacion_id INTEGER PRIMARY KEY,
    estado VARCHAR2(10),
    fecha_inicio DATE,
    fecha_fin DATE
);

--******************************************************************************************************************************

CREATE TABLE habitacion(
    habitacion_id INTEGER PRIMARY KEY,
    categoria_id INTEGER NOT NULL,
    estado_id INTEGER NOT NULL, 
    tarifa FLOAT(12) NOT NULL,
    CONSTRAINT fk_categorias FOREIGN KEY (categoria_id) REFERENCES categoria(categoria_id) ON DELETE CASCADE,
    CONSTRAINT fk_estado FOREIGN KEY (estado_id) REFERENCES estado_habitacion(estado_habitacion_id) ON DELETE CASCADE
);

--******************************************************************************************************************************

CREATE TABLE clientes(
    cliente_id INTEGER PRIMARY KEY,
    nombre VARCHAR2(50) NOT NULL,
    apellido VARCHAR2(50) NOT NULL,
    telefono VARCHAR2(15) NOT NULL
);

--******************************************************************************************************************************

CREATE TABLE turnos(
    turno_id INTEGER PRIMARY KEY,
    fecha_inicio DATE NOT NULL,
    fecha_fin DATE NOT NULL
);

--******************************************************************************************************************************

CREATE TABLE empleado(
    empleado_id INTEGER PRIMARY KEY,
    nombre VARCHAR2(50) NOT NULL,
    apellido VARCHAR2(50) NOT NULL,
    telefono VARCHAR2(15) NOT NULL,
    direccion VARCHAR2(50) NOT NULL,
    supervisor_id INTEGER,
    turno_id INTEGER,
    salario FLOAT(12) NOT NULL,
    CONSTRAINT fk_turno FOREIGN KEY (turno_id) REFERENCES turnos(turno_id) ON DELETE CASCADE,
    CONSTRAINT fk_supervisor FOREIGN KEY (supervisor_id) REFERENCES empleado(empleado_id) ON DELETE CASCADE
);

--******************************************************************************************************************************

CREATE TABLE proveedores(
    proveedor_id INTEGER PRIMARY KEY,
    nombre VARCHAR2(50) NOT NULL,
    telefono VARCHAR2(15) NOT NULL,
    direccion VARCHAR2(50) NOT NULL
);

--******************************************************************************************************************************

CREATE TABLE productos(
    producto_id INTEGER PRIMARY KEY,
    nombre VARCHAR2(100) NOT NULL,
    proveedor_id INTEGER NOT NULL,
    precio FLOAT(12) NOT NULL,
    CONSTRAINT fk_proveedor FOREIGN KEY (proveedor_id) REFERENCES proveedores(proveedor_id) ON DELETE CASCADE
);

--******************************************************************************************************************************

CREATE TABLE servicios(
    servicio_id INTEGER PRIMARY KEY,
    descripcion VARCHAR2(100) NOT NULL,
    precio FLOAT(12) NOT NULL
);

--******************************************************************************************************************************

CREATE TABLE producto_servicio(
   producto_id INTEGER,
   servicio_id INTEGER,
   cant_producto INTEGER NOT NULL,
   CONSTRAINT pk_pisi PRIMARY KEY(producto_id, servicio_id),
   CONSTRAINT fk_productos FOREIGN KEY (producto_id) REFERENCES productos(producto_id) ON DELETE CASCADE,
   CONSTRAINT fk_servicios FOREIGN KEY (servicio_id) REFERENCES servicios(servicio_id) ON DELETE CASCADE
);

--******************************************************************************************************************************

CREATE TABLE registro_servicio(
    registro_id INTEGER PRIMARY KEY,
    servicio_id INTEGER,
    empleado_id INTEGER,
    cliente_id INTEGER,
    habitacion_id INTEGER,
    fecha DATE NOT NULL,
    CONSTRAINT fk1_servicios FOREIGN KEY (servicio_id) REFERENCES servicios(servicio_id) ON DELETE CASCADE,
    CONSTRAINT fk2_empleados FOREIGN KEY (empleado_id) REFERENCES empleado(empleado_id) ON DELETE CASCADE,
    CONSTRAINT fk3_cliente FOREIGN KEY (cliente_id) REFERENCES clientes(cliente_id) ON DELETE CASCADE,
    CONSTRAINT fk4_habitacion FOREIGN KEY (habitacion_id) REFERENCES habitacion(habitacion_id) ON DELETE CASCADE
);

--******************************************************************************************************************************

CREATE TABLE estado_reserva(
    estado_reserva_id INTEGER PRIMARY KEY,
    estado VARCHAR2(10) NOT NULL,
    fecha_inicio DATE NOT NULL,
    fecha_fin DATE NOT NULL
);

--******************************************************************************************************************************

CREATE TABLE reserva(
    reserva_id INTEGER PRIMARY KEY,
    estado_id INTEGER,
    empleado_id INTEGER,
    cliente_id INTEGER,
    habitacion_id INTEGER,
    fecha DATE,
    precio FLOAT(12) NOT NULL,
    CONSTRAINT fk1_estado FOREIGN KEY (estado_id) REFERENCES estado_reserva(estado_reserva_id) ON DELETE CASCADE,
    CONSTRAINT fk3_empleados FOREIGN KEY (empleado_id) REFERENCES empleado(empleado_id) ON DELETE CASCADE,
    CONSTRAINT fk4_clientes FOREIGN KEY (cliente_id) REFERENCES clientes(cliente_id) ON DELETE CASCADE,
    CONSTRAINT fk5_habitacion FOREIGN KEY (habitacion_id) REFERENCES habitacion(habitacion_id) ON DELETE CASCADE
);

--******************************************************************************************************************************

CREATE TABLE pagos(
    pago_id INTEGER PRIMARY KEY,
    cliente_id INTEGER,
    fecha DATE,
    precio FLOAT(12) NOT NULL,
    CONSTRAINT fk_cliente FOREIGN KEY (cliente_id) REFERENCES clientes(cliente_id) ON DELETE CASCADE
);

--******************************************************************************************************************************

CREATE TABLE factura(
    factura_id INTEGER PRIMARY KEY,
    cliente_id INTEGER,
    pago_id INTEGER,
    empleado_id INTEGER,
    fecha DATE,
    CONSTRAINT fk1_cliente FOREIGN KEY (cliente_id) REFERENCES clientes(cliente_id) ON DELETE CASCADE,
    CONSTRAINT fk2_pago FOREIGN KEY (pago_id) REFERENCES pagos(pago_id) ON DELETE CASCADE,
    CONSTRAINT fk4_empleados FOREIGN KEY (empleado_id) REFERENCES empleado(empleado_id) ON DELETE CASCADE
);

--******************************************************************************************************************************

CREATE TABLE detalles_factura(
    factura_id INTEGER,
    reserva_id INTEGER,
    registro_id INTEGER,
    CONSTRAINT fk1_factura FOREIGN KEY (factura_id) REFERENCES factura(factura_id) ON DELETE CASCADE,
    CONSTRAINT fk_reserva FOREIGN KEY (reserva_id) REFERENCES reserva(reserva_id) ON DELETE CASCADE,
    CONSTRAINT fk_registro FOREIGN KEY (registro_id) REFERENCES registro_servicio(registro_id) ON DELETE CASCADE
);


--******************************************************************************************************************************
--Insercion de Datos
--******************************************************************************************************************************

insert into categoria (categoria_id, nombre) values (1, 'Sencilla');
insert into categoria (categoria_id, nombre) values (2, 'Doble');
insert into categoria (categoria_id, nombre) values (3, 'Presidencial');

--******************************************************************************************************************************

insert into estado_habitacion (estado_habitacion_id, estado, fecha_inicio, fecha_fin) values (1, 'Disponible', '2020-02-21 18:33:51', '2020-01-04 01:31:50');
insert into estado_habitacion (estado_habitacion_id, estado, fecha_inicio, fecha_fin) values (2, 'Ocupada', '2020-03-29 18:47:53', '2020-02-03 09:03:30');
insert into estado_habitacion (estado_habitacion_id, estado, fecha_inicio, fecha_fin) values (3, 'Disponible', '2020-05-27 08:22:40', '2019-12-24 23:47:38');
insert into estado_habitacion (estado_habitacion_id, estado, fecha_inicio, fecha_fin) values (4, 'Ocupada', '2020-01-13 03:00:00', '2020-06-29 19:38:13');
insert into estado_habitacion (estado_habitacion_id, estado, fecha_inicio, fecha_fin) values (5, 'Disponible', '2020-03-03 23:44:32', '2020-08-29 21:24:10');
insert into estado_habitacion (estado_habitacion_id, estado, fecha_inicio, fecha_fin) values (6, 'Disponible', '2020-04-05 01:40:46', '2019-12-02 00:31:14');
insert into estado_habitacion (estado_habitacion_id, estado, fecha_inicio, fecha_fin) values (7, 'Ocupada', '2020-06-19 03:13:00', '2020-07-12 09:36:50');
insert into estado_habitacion (estado_habitacion_id, estado, fecha_inicio, fecha_fin) values (8, 'Ocupada', '2020-08-29 18:09:50', '2020-04-07 14:43:52');
insert into estado_habitacion (estado_habitacion_id, estado, fecha_inicio, fecha_fin) values (9, 'Ocupada', '2019-09-14 15:24:16', '2020-07-09 04:13:06');
insert into estado_habitacion (estado_habitacion_id, estado, fecha_inicio, fecha_fin) values (10, 'Disponible', '2020-01-14 02:54:56', '2019-12-18 01:54:00');
insert into estado_habitacion (estado_habitacion_id, estado, fecha_inicio, fecha_fin) values (11, 'Ocupada', '2019-09-12 19:33:25', '2020-02-26 03:56:36');
insert into estado_habitacion (estado_habitacion_id, estado, fecha_inicio, fecha_fin) values (12, 'Disponible', '2020-07-23 18:11:34', '2019-12-12 03:56:15');
insert into estado_habitacion (estado_habitacion_id, estado, fecha_inicio, fecha_fin) values (13, 'Ocupada', '2020-01-25 08:01:43', '2020-01-19 15:11:29');
insert into estado_habitacion (estado_habitacion_id, estado, fecha_inicio, fecha_fin) values (14, 'Ocupada', '2020-04-07 18:31:08', '2019-09-20 04:05:39');
insert into estado_habitacion (estado_habitacion_id, estado, fecha_inicio, fecha_fin) values (15, 'Disponible', '2020-08-04 08:53:39', '2019-12-25 10:27:44');
insert into estado_habitacion (estado_habitacion_id, estado, fecha_inicio, fecha_fin) values (16, 'Ocupada', '2019-11-29 07:32:21', '2020-06-17 12:42:40');
insert into estado_habitacion (estado_habitacion_id, estado, fecha_inicio, fecha_fin) values (17, 'Disponible', '2020-07-19 03:09:06', '2020-04-20 08:07:27');
insert into estado_habitacion (estado_habitacion_id, estado, fecha_inicio, fecha_fin) values (18, 'Disponible', '2020-07-25 22:24:12', '2020-08-10 09:27:49');
insert into estado_habitacion (estado_habitacion_id, estado, fecha_inicio, fecha_fin) values (19, 'Ocupada', '2020-06-22 12:21:31', '2019-12-13 19:55:47');
insert into estado_habitacion (estado_habitacion_id, estado, fecha_inicio, fecha_fin) values (20, 'Disponible', '2019-11-29 21:41:42', '2020-07-16 15:33:41');
insert into estado_habitacion (estado_habitacion_id, estado, fecha_inicio, fecha_fin) values (21, 'Ocupada', '2019-09-24 00:51:57', '2019-10-07 22:38:34');
insert into estado_habitacion (estado_habitacion_id, estado, fecha_inicio, fecha_fin) values (22, 'Ocupada', '2019-11-03 08:26:09', '2020-01-21 10:41:39');
insert into estado_habitacion (estado_habitacion_id, estado, fecha_inicio, fecha_fin) values (23, 'Disponible', '2020-04-22 02:36:33', '2020-05-29 17:20:34');
insert into estado_habitacion (estado_habitacion_id, estado, fecha_inicio, fecha_fin) values (24, 'Disponible', '2020-02-17 20:44:40', '2020-08-31 11:35:50');
insert into estado_habitacion (estado_habitacion_id, estado, fecha_inicio, fecha_fin) values (25, 'Disponible', '2020-03-22 10:16:44', '2020-06-11 03:27:27');
insert into estado_habitacion (estado_habitacion_id, estado, fecha_inicio, fecha_fin) values (26, 'Disponible', '2020-08-31 03:59:22', '2020-04-18 06:42:08');
insert into estado_habitacion (estado_habitacion_id, estado, fecha_inicio, fecha_fin) values (27, 'Ocupada', '2020-05-29 02:14:24', '2020-05-20 21:11:56');
insert into estado_habitacion (estado_habitacion_id, estado, fecha_inicio, fecha_fin) values (28, 'Disponible', '2019-12-07 22:02:35', '2020-01-08 06:24:45');
insert into estado_habitacion (estado_habitacion_id, estado, fecha_inicio, fecha_fin) values (29, 'Ocupada', '2020-04-22 02:49:42', '2020-07-03 15:25:04');
insert into estado_habitacion (estado_habitacion_id, estado, fecha_inicio, fecha_fin) values (30, 'Ocupada', '2020-05-02 04:59:07', '2019-12-06 02:42:18');
insert into estado_habitacion (estado_habitacion_id, estado, fecha_inicio, fecha_fin) values (31, 'Disponible', '2020-04-13 12:39:31', '2019-10-18 22:17:25');
insert into estado_habitacion (estado_habitacion_id, estado, fecha_inicio, fecha_fin) values (32, 'Ocupada', '2020-02-27 02:10:07', '2019-09-27 05:46:02');
insert into estado_habitacion (estado_habitacion_id, estado, fecha_inicio, fecha_fin) values (33, 'Disponible', '2020-04-08 15:24:10', '2019-12-18 19:16:06');
insert into estado_habitacion (estado_habitacion_id, estado, fecha_inicio, fecha_fin) values (34, 'Ocupada', '2019-10-29 23:10:40', '2020-02-17 06:45:50');
insert into estado_habitacion (estado_habitacion_id, estado, fecha_inicio, fecha_fin) values (35, 'Disponible', '2020-07-25 03:49:05', '2019-09-22 04:06:05');
insert into estado_habitacion (estado_habitacion_id, estado, fecha_inicio, fecha_fin) values (36, 'Ocupada', '2019-10-18 17:04:10', '2020-07-26 15:44:22');
insert into estado_habitacion (estado_habitacion_id, estado, fecha_inicio, fecha_fin) values (37, 'Disponible', '2019-11-26 16:09:26', '2020-07-17 16:10:15');
insert into estado_habitacion (estado_habitacion_id, estado, fecha_inicio, fecha_fin) values (38, 'Ocupada', '2020-03-27 08:46:09', '2020-02-18 15:37:14');
insert into estado_habitacion (estado_habitacion_id, estado, fecha_inicio, fecha_fin) values (39, 'Ocupada', '2020-01-06 12:32:10', '2020-08-11 00:52:28');
insert into estado_habitacion (estado_habitacion_id, estado, fecha_inicio, fecha_fin) values (40, 'Disponible', '2020-04-17 19:24:17', '2020-03-23 20:12:19');

--******************************************************************************************************************************

insert into habitacion (habitacion_id, categoria_id, estado_id, tarifa) values (1, 1, 1, 20.39);
insert into habitacion (habitacion_id, categoria_id, estado_id, tarifa) values (2, 3, 4, 92.70);
insert into habitacion (habitacion_id, categoria_id, estado_id, tarifa) values (3, 2, 7, 45.25);
insert into habitacion (habitacion_id, categoria_id, estado_id, tarifa) values (4, 1, 10, 32.59);
insert into habitacion (habitacion_id, categoria_id, estado_id, tarifa) values (5, 3, 13, 110.43);
insert into habitacion (habitacion_id, categoria_id, estado_id, tarifa) values (6, 2, 16, 83.70);
insert into habitacion (habitacion_id, categoria_id, estado_id, tarifa) values (7, 1, 19, 119.03);
insert into habitacion (habitacion_id, categoria_id, estado_id, tarifa) values (8, 3, 22, 88.40);
insert into habitacion (habitacion_id, categoria_id, estado_id, tarifa) values (9, 2, 25, 89.58);
insert into habitacion (habitacion_id, categoria_id, estado_id, tarifa) values (10, 1, 28, 50.08);
insert into habitacion (habitacion_id, categoria_id, estado_id, tarifa) values (11, 3, 31, 66.50);
insert into habitacion (habitacion_id, categoria_id, estado_id, tarifa) values (12, 2, 34, 74.20);
insert into habitacion (habitacion_id, categoria_id, estado_id, tarifa) values (13, 1, 37, 22.08);
insert into habitacion (habitacion_id, categoria_id, estado_id, tarifa) values (14, 3, 40, 49.25);
insert into habitacion (habitacion_id, categoria_id, estado_id, tarifa) values (15, 2, 3, 132.10);
insert into habitacion (habitacion_id, categoria_id, estado_id, tarifa) values (16, 1, 6, 108.93);
insert into habitacion (habitacion_id, categoria_id, estado_id, tarifa) values (17, 3, 9, 73.48);
insert into habitacion (habitacion_id, categoria_id, estado_id, tarifa) values (18, 2, 12, 107.51);
insert into habitacion (habitacion_id, categoria_id, estado_id, tarifa) values (19, 1, 15, 129.32);
insert into habitacion (habitacion_id, categoria_id, estado_id, tarifa) values (20, 3, 18, 77.55);
insert into habitacion (habitacion_id, categoria_id, estado_id, tarifa) values (21, 2, 21, 30.52);
insert into habitacion (habitacion_id, categoria_id, estado_id, tarifa) values (22, 1, 24, 33.45);
insert into habitacion (habitacion_id, categoria_id, estado_id, tarifa) values (23, 3, 27, 74.25);
insert into habitacion (habitacion_id, categoria_id, estado_id, tarifa) values (24, 2, 30, 149.07);
insert into habitacion (habitacion_id, categoria_id, estado_id, tarifa) values (25, 1, 33, 87.25);
insert into habitacion (habitacion_id, categoria_id, estado_id, tarifa) values (26, 3, 36, 97.24);
insert into habitacion (habitacion_id, categoria_id, estado_id, tarifa) values (27, 2, 39, 95.40);
insert into habitacion (habitacion_id, categoria_id, estado_id, tarifa) values (28, 1, 2, 72.02);
insert into habitacion (habitacion_id, categoria_id, estado_id, tarifa) values (29, 3, 5, 103.01);
insert into habitacion (habitacion_id, categoria_id, estado_id, tarifa) values (30, 2, 8, 55.98);
insert into habitacion (habitacion_id, categoria_id, estado_id, tarifa) values (31, 1, 11, 132.36);
insert into habitacion (habitacion_id, categoria_id, estado_id, tarifa) values (32, 3, 14, 15.67);
insert into habitacion (habitacion_id, categoria_id, estado_id, tarifa) values (33, 2, 17, 76.24);
insert into habitacion (habitacion_id, categoria_id, estado_id, tarifa) values (34, 1, 20, 81.62);
insert into habitacion (habitacion_id, categoria_id, estado_id, tarifa) values (35, 3, 23, 124.49);
insert into habitacion (habitacion_id, categoria_id, estado_id, tarifa) values (36, 2, 26, 121.30);
insert into habitacion (habitacion_id, categoria_id, estado_id, tarifa) values (37, 1, 29, 38.20);
insert into habitacion (habitacion_id, categoria_id, estado_id, tarifa) values (38, 3, 32, 97.10);
insert into habitacion (habitacion_id, categoria_id, estado_id, tarifa) values (39, 2, 35, 89.09);
insert into habitacion (habitacion_id, categoria_id, estado_id, tarifa) values (40, 1, 38, 121.73);

--******************************************************************************************************************************

insert into clientes (cliente_id, nombre, apellido, telefono) values (1, 'Carr', 'Paulig', '86(656)908-6121');
insert into clientes (cliente_id, nombre, apellido, telefono) values (2, 'Loreen', 'Craze', '92(943)855-8781');
insert into clientes (cliente_id, nombre, apellido, telefono) values (3, 'Caryn', 'McVity', '35(483)969-2624');
insert into clientes (cliente_id, nombre, apellido, telefono) values (4, 'Terencio', 'Reschke', '86(477)369-8200');
insert into clientes (cliente_id, nombre, apellido, telefono) values (5, 'Mitch', 'Doram', '1(412)309-3412');
insert into clientes (cliente_id, nombre, apellido, telefono) values (6, 'Birgitta', 'Poat', '50(497)228-3321');
insert into clientes (cliente_id, nombre, apellido, telefono) values (7, 'Florencia', 'Tippetts', '50(520)381-8417');
insert into clientes (cliente_id, nombre, apellido, telefono) values (8, 'Udale', 'Welsby', '23(453)253-9200');
insert into clientes (cliente_id, nombre, apellido, telefono) values (9, 'Tobe', 'O'' Mulderrig', '37(463)210-2910');
insert into clientes (cliente_id, nombre, apellido, telefono) values (10, 'Micaela', 'Hallede', '62(243)575-9543');
insert into clientes (cliente_id, nombre, apellido, telefono) values (11, 'Rriocard', 'Stradling', '27(691)196-4341');
insert into clientes (cliente_id, nombre, apellido, telefono) values (12, 'Bette-ann', 'Whieldon', '86(680)735-8959');
insert into clientes (cliente_id, nombre, apellido, telefono) values (13, 'Emmalynne', 'Print', '86(447)986-5234');
insert into clientes (cliente_id, nombre, apellido, telefono) values (14, 'Brewster', 'Wilkenson', '66(514)533-6271');
insert into clientes (cliente_id, nombre, apellido, telefono) values (15, 'Leighton', 'Conningham', '33(524)215-2409');
insert into clientes (cliente_id, nombre, apellido, telefono) values (16, 'Lars', 'Baldoni', '86(948)876-5765');
insert into clientes (cliente_id, nombre, apellido, telefono) values (17, 'Kristofor', 'Trevithick', '48(266)142-5907');
insert into clientes (cliente_id, nombre, apellido, telefono) values (18, 'Mufinella', 'Ollier', '22(466)189-2841');
insert into clientes (cliente_id, nombre, apellido, telefono) values (19, 'Chandra', 'Thoumas', '86(581)117-1845');
insert into clientes (cliente_id, nombre, apellido, telefono) values (20, 'Ruthanne', 'Geaveny', '52(605)230-6780');
insert into clientes (cliente_id, nombre, apellido, telefono) values (21, 'Karlis', 'Giroldo', '50(646)240-4349');
insert into clientes (cliente_id, nombre, apellido, telefono) values (22, 'Johnette', 'Reddihough', '86(493)655-9347');
insert into clientes (cliente_id, nombre, apellido, telefono) values (23, 'Darelle', 'Mathy', '35(701)737-7680');
insert into clientes (cliente_id, nombre, apellido, telefono) values (24, 'Zara', 'McIntosh', '96(535)236-9047');
insert into clientes (cliente_id, nombre, apellido, telefono) values (25, 'Sibelle', 'Brackley', '37(356)427-9190');
insert into clientes (cliente_id, nombre, apellido, telefono) values (26, 'Blinni', 'Olver', '62(454)975-7042');
insert into clientes (cliente_id, nombre, apellido, telefono) values (27, 'Forest', 'Munnings', '86(828)838-5165');
insert into clientes (cliente_id, nombre, apellido, telefono) values (28, 'Hedi', 'Chard', '63(611)835-7915');
insert into clientes (cliente_id, nombre, apellido, telefono) values (29, 'Orelee', 'Emer', '7(179)670-3125');
insert into clientes (cliente_id, nombre, apellido, telefono) values (30, 'Mona', 'Brownsword', '81(333)329-7397');
insert into clientes (cliente_id, nombre, apellido, telefono) values (31, 'Leupold', 'Smeal', '38(620)578-2663');
insert into clientes (cliente_id, nombre, apellido, telefono) values (32, 'Herc', 'Truman', '84(456)486-5049');
insert into clientes (cliente_id, nombre, apellido, telefono) values (33, 'Alice', 'Philip', '55(794)416-3726');
insert into clientes (cliente_id, nombre, apellido, telefono) values (34, 'Gabbey', 'Meach', '86(330)104-0555');
insert into clientes (cliente_id, nombre, apellido, telefono) values (35, 'Nancee', 'Johnston', '22(886)470-5474');
insert into clientes (cliente_id, nombre, apellido, telefono) values (36, 'Chrisse', 'Busse', '23(834)253-9835');
insert into clientes (cliente_id, nombre, apellido, telefono) values (37, 'Sallyanne', 'Machin', '38(122)180-2228');
insert into clientes (cliente_id, nombre, apellido, telefono) values (38, 'Kit', 'Kleisel', '96(252)790-4459');
insert into clientes (cliente_id, nombre, apellido, telefono) values (39, 'Roana', 'O''Farrell', '86(598)309-0444');
insert into clientes (cliente_id, nombre, apellido, telefono) values (40, 'Orion', 'Campos', '22(962)515-0920');
insert into clientes (cliente_id, nombre, apellido, telefono) values (41, 'Kellen', 'Dann', '7(652)716-2960');
insert into clientes (cliente_id, nombre, apellido, telefono) values (42, 'Rosalinde', 'Aspole', '86(829)789-5550');
insert into clientes (cliente_id, nombre, apellido, telefono) values (43, 'Fleming', 'Knowler', '35(836)183-7409');
insert into clientes (cliente_id, nombre, apellido, telefono) values (44, 'Nestor', 'Labat', '86(982)476-0095');
insert into clientes (cliente_id, nombre, apellido, telefono) values (45, 'Odelinda', 'Weedenburg', '7(366)577-7549');
insert into clientes (cliente_id, nombre, apellido, telefono) values (46, 'Edie', 'Byers', '35(336)191-1493');
insert into clientes (cliente_id, nombre, apellido, telefono) values (47, 'Raynard', 'Clemits', '38(308)878-4595');
insert into clientes (cliente_id, nombre, apellido, telefono) values (48, 'Brandea', 'Gilhooly', '7(990)539-1790');
insert into clientes (cliente_id, nombre, apellido, telefono) values (49, 'Jess', 'Spriddle', '50(676)404-2939');
insert into clientes (cliente_id, nombre, apellido, telefono) values (50, 'Morley', 'Buse', '56(685)897-7011');
insert into clientes (cliente_id, nombre, apellido, telefono) values (51, 'Mommy', 'Henfre', '54(118)453-9244');
insert into clientes (cliente_id, nombre, apellido, telefono) values (52, 'Crista', 'Sotworth', '23(124)371-1009');
insert into clientes (cliente_id, nombre, apellido, telefono) values (53, 'Clementius', 'Frizell', '86(903)459-8993');
insert into clientes (cliente_id, nombre, apellido, telefono) values (54, 'Igor', 'Nickels', '86(325)100-5798');
insert into clientes (cliente_id, nombre, apellido, telefono) values (55, 'Even', 'Marton', '23(138)752-0700');
insert into clientes (cliente_id, nombre, apellido, telefono) values (56, 'Sadye', 'Guitt', '63(999)448-8956');
insert into clientes (cliente_id, nombre, apellido, telefono) values (57, 'Julee', 'McLoney', '62(139)471-5818');
insert into clientes (cliente_id, nombre, apellido, telefono) values (58, 'Hillery', 'Souttar', '50(507)149-9390');
insert into clientes (cliente_id, nombre, apellido, telefono) values (59, 'Ulrika', 'Gregine', '38(929)250-9169');
insert into clientes (cliente_id, nombre, apellido, telefono) values (60, 'Karon', 'Ramberg', '81(473)703-8116');
insert into clientes (cliente_id, nombre, apellido, telefono) values (61, 'Albertina', 'Markus', '86(609)129-1755');
insert into clientes (cliente_id, nombre, apellido, telefono) values (62, 'Benetta', 'Mithon', '63(992)622-7398');
insert into clientes (cliente_id, nombre, apellido, telefono) values (63, 'Vi', 'Tuxell', '42(427)766-9663');
insert into clientes (cliente_id, nombre, apellido, telefono) values (64, 'Sheba', 'Hanscom', '35(402)863-8866');
insert into clientes (cliente_id, nombre, apellido, telefono) values (65, 'Mortie', 'Buesnel', '21(958)282-2937');
insert into clientes (cliente_id, nombre, apellido, telefono) values (66, 'Wolfie', 'Leuchars', '38(407)628-2325');
insert into clientes (cliente_id, nombre, apellido, telefono) values (67, 'Rouvin', 'Cranefield', '86(374)949-8088');
insert into clientes (cliente_id, nombre, apellido, telefono) values (68, 'Vonnie', 'Olczak', '49(213)336-1525');
insert into clientes (cliente_id, nombre, apellido, telefono) values (69, 'Gilberte', 'Wincott', '33(213)229-5151');
insert into clientes (cliente_id, nombre, apellido, telefono) values (70, 'Nananne', 'Le Pine', '30(263)155-2236');
insert into clientes (cliente_id, nombre, apellido, telefono) values (71, 'Alec', 'Coutthart', '44(814)181-1959');
insert into clientes (cliente_id, nombre, apellido, telefono) values (72, 'Kiel', 'Ambage', '62(308)276-2557');
insert into clientes (cliente_id, nombre, apellido, telefono) values (73, 'Fitz', 'Raden', '62(575)263-2422');
insert into clientes (cliente_id, nombre, apellido, telefono) values (74, 'Ninette', 'Frenzl', '63(327)267-0187');
insert into clientes (cliente_id, nombre, apellido, telefono) values (75, 'Sher', 'Cronchey', '86(987)626-1104');
insert into clientes (cliente_id, nombre, apellido, telefono) values (76, 'Saidee', 'Kennefick', '33(863)666-3460');
insert into clientes (cliente_id, nombre, apellido, telefono) values (77, 'Aretha', 'Clench', '62(419)184-8623');
insert into clientes (cliente_id, nombre, apellido, telefono) values (78, 'Marlene', 'Bozier', '7(241)322-9923');
insert into clientes (cliente_id, nombre, apellido, telefono) values (79, 'Arthur', 'Palffrey', '99(916)329-7069');
insert into clientes (cliente_id, nombre, apellido, telefono) values (80, 'Carlen', 'Readman', '63(706)758-6299');
insert into clientes (cliente_id, nombre, apellido, telefono) values (81, 'Rubi', 'Rosterne', '50(243)873-8196');
insert into clientes (cliente_id, nombre, apellido, telefono) values (82, 'Donnie', 'Tremblett', '31(971)617-4569');
insert into clientes (cliente_id, nombre, apellido, telefono) values (83, 'Katharina', 'Stitch', '23(586)249-2766');
insert into clientes (cliente_id, nombre, apellido, telefono) values (84, 'Kala', 'Flipsen', '62(487)837-5697');
insert into clientes (cliente_id, nombre, apellido, telefono) values (85, 'Nanni', 'Lawdham', '92(438)281-8657');
insert into clientes (cliente_id, nombre, apellido, telefono) values (86, 'Elsinore', 'Stollberger', '63(400)500-7094');
insert into clientes (cliente_id, nombre, apellido, telefono) values (87, 'Lorin', 'Ellett', '38(381)473-9381');
insert into clientes (cliente_id, nombre, apellido, telefono) values (88, 'Anica', 'Corns', '86(509)533-5575');
insert into clientes (cliente_id, nombre, apellido, telefono) values (89, 'Calla', 'Puncher', '35(924)872-9221');
insert into clientes (cliente_id, nombre, apellido, telefono) values (90, 'Anatollo', 'Mansell', '33(102)226-3865');
insert into clientes (cliente_id, nombre, apellido, telefono) values (91, 'Tamar', 'Walewicz', '62(452)471-9736');
insert into clientes (cliente_id, nombre, apellido, telefono) values (92, 'Teodoro', 'Grimble', '55(196)253-9858');
insert into clientes (cliente_id, nombre, apellido, telefono) values (93, 'Chad', 'Nelhams', '62(934)845-9858');
insert into clientes (cliente_id, nombre, apellido, telefono) values (94, 'Benni', 'Sehorsch', '38(827)798-4009');
insert into clientes (cliente_id, nombre, apellido, telefono) values (95, 'Grady', 'Hegg', '35(368)835-8000');
insert into clientes (cliente_id, nombre, apellido, telefono) values (96, 'Sheffie', 'Branwhite', '46(166)123-2456');
insert into clientes (cliente_id, nombre, apellido, telefono) values (97, 'Adey', 'Faithorn', '33(575)720-5392');
insert into clientes (cliente_id, nombre, apellido, telefono) values (98, 'Elmore', 'Unitt', '23(611)859-2120');
insert into clientes (cliente_id, nombre, apellido, telefono) values (99, 'Alyss', 'Mackley', '46(497)956-8790');
insert into clientes (cliente_id, nombre, apellido, telefono) values (100, 'Urbano', 'Greenroad', '62(803)832-8820');
insert into clientes (cliente_id, nombre, apellido, telefono) values (101, 'Beryl', 'Wisam', '1(615)259-8545');
insert into clientes (cliente_id, nombre, apellido, telefono) values (102, 'Almeda', 'Marcq', '7(475)647-6155');
insert into clientes (cliente_id, nombre, apellido, telefono) values (103, 'Kerri', 'Barts', '62(424)605-1939');
insert into clientes (cliente_id, nombre, apellido, telefono) values (104, 'Ulberto', 'Fernez', '86(433)697-3734');
insert into clientes (cliente_id, nombre, apellido, telefono) values (105, 'Biron', 'Caddick', '35(824)909-0675');
insert into clientes (cliente_id, nombre, apellido, telefono) values (106, 'Zelma', 'Hudspith', '86(111)535-8655');
insert into clientes (cliente_id, nombre, apellido, telefono) values (107, 'Rafaello', 'Fotheringham', '84(800)824-0727');
insert into clientes (cliente_id, nombre, apellido, telefono) values (108, 'Allys', 'Frances', '25(807)796-1811');
insert into clientes (cliente_id, nombre, apellido, telefono) values (109, 'Colman', 'Piggrem', '53(508)219-9692');
insert into clientes (cliente_id, nombre, apellido, telefono) values (110, 'Dionis', 'Goad', '62(728)201-7519');
insert into clientes (cliente_id, nombre, apellido, telefono) values (111, 'Gretta', 'Daniello', '51(854)935-3033');
insert into clientes (cliente_id, nombre, apellido, telefono) values (112, 'Abigale', 'Bartkowiak', '86(926)314-2251');
insert into clientes (cliente_id, nombre, apellido, telefono) values (113, 'Linnell', 'Chazelas', '62(431)617-1456');
insert into clientes (cliente_id, nombre, apellido, telefono) values (114, 'Mariann', 'Moring', '62(393)281-3695');
insert into clientes (cliente_id, nombre, apellido, telefono) values (115, 'Byran', 'Cathery', '1(256)460-5545');
insert into clientes (cliente_id, nombre, apellido, telefono) values (116, 'Isaak', 'Aveline', '7(193)270-6784');
insert into clientes (cliente_id, nombre, apellido, telefono) values (117, 'Laurette', 'Mcettrick', '86(522)861-4038');
insert into clientes (cliente_id, nombre, apellido, telefono) values (118, 'Manda', 'Macci', '57(201)322-8150');
insert into clientes (cliente_id, nombre, apellido, telefono) values (119, 'Kristina', 'de Verson', '63(383)123-1972');
insert into clientes (cliente_id, nombre, apellido, telefono) values (120, 'Lauritz', 'Sebyer', '63(688)436-3547');
insert into clientes (cliente_id, nombre, apellido, telefono) values (121, 'Kincaid', 'Gunderson', '33(465)423-8273');
insert into clientes (cliente_id, nombre, apellido, telefono) values (122, 'Willis', 'Burnep', '81(874)969-5446');
insert into clientes (cliente_id, nombre, apellido, telefono) values (123, 'Zabrina', 'Plak', '7(480)251-2944');
insert into clientes (cliente_id, nombre, apellido, telefono) values (124, 'Sven', 'Rue', '7(695)403-8946');
insert into clientes (cliente_id, nombre, apellido, telefono) values (125, 'Osmund', 'Littleproud', '85(879)765-3312');
insert into clientes (cliente_id, nombre, apellido, telefono) values (126, 'Goldia', 'Marcroft', '62(610)379-2531');
insert into clientes (cliente_id, nombre, apellido, telefono) values (127, 'Alexi', 'Coale', '92(608)738-8861');
insert into clientes (cliente_id, nombre, apellido, telefono) values (128, 'Con', 'Coram', '86(613)581-4417');
insert into clientes (cliente_id, nombre, apellido, telefono) values (129, 'Vernon', 'McLewd', '51(677)748-4244');
insert into clientes (cliente_id, nombre, apellido, telefono) values (130, 'Andros', 'Basset', '86(267)793-9261');
insert into clientes (cliente_id, nombre, apellido, telefono) values (131, 'Nichole', 'Spread', '55(413)337-6281');
insert into clientes (cliente_id, nombre, apellido, telefono) values (132, 'Gay', 'Shord', '62(641)865-7251');
insert into clientes (cliente_id, nombre, apellido, telefono) values (133, 'Lesly', 'Roomes', '35(351)515-1549');
insert into clientes (cliente_id, nombre, apellido, telefono) values (134, 'Tedd', 'Gilhouley', '86(629)724-9530');
insert into clientes (cliente_id, nombre, apellido, telefono) values (135, 'Hadlee', 'Gooms', '44(378)795-2380');
insert into clientes (cliente_id, nombre, apellido, telefono) values (136, 'Nannette', 'Cogar', '81(597)661-0286');
insert into clientes (cliente_id, nombre, apellido, telefono) values (137, 'Joshuah', 'Cawcutt', '86(477)702-6102');
insert into clientes (cliente_id, nombre, apellido, telefono) values (138, 'Sandor', 'Hawney', '62(351)596-3179');
insert into clientes (cliente_id, nombre, apellido, telefono) values (139, 'Shay', 'Edser', '46(146)815-9705');
insert into clientes (cliente_id, nombre, apellido, telefono) values (140, 'Lucille', 'Baudy', '97(745)451-4775');
insert into clientes (cliente_id, nombre, apellido, telefono) values (141, 'Cleon', 'Snowden', '62(536)576-0014');
insert into clientes (cliente_id, nombre, apellido, telefono) values (142, 'Charin', 'Death', '1(727)454-4470');
insert into clientes (cliente_id, nombre, apellido, telefono) values (143, 'Lowell', 'Kerrane', '58(503)157-4163');
insert into clientes (cliente_id, nombre, apellido, telefono) values (144, 'Jelene', 'Pleven', '7(820)289-2584');
insert into clientes (cliente_id, nombre, apellido, telefono) values (145, 'Nicola', 'Owtram', '63(687)609-4478');
insert into clientes (cliente_id, nombre, apellido, telefono) values (146, 'Gregorius', 'MacCarlich', '53(970)410-0748');
insert into clientes (cliente_id, nombre, apellido, telefono) values (147, 'Candide', 'Ragsdale', '34(785)297-6155');
insert into clientes (cliente_id, nombre, apellido, telefono) values (148, 'Stacie', 'Peaseman', '1(808)183-5061');
insert into clientes (cliente_id, nombre, apellido, telefono) values (149, 'Jody', 'Castagnier', '51(668)417-1129');
insert into clientes (cliente_id, nombre, apellido, telefono) values (150, 'Stephana', 'Lumsdaine', '21(824)792-3254');
insert into clientes (cliente_id, nombre, apellido, telefono) values (151, 'Frederigo', 'Escofier', '63(155)909-5799');
insert into clientes (cliente_id, nombre, apellido, telefono) values (152, 'Chad', 'Albin', '24(244)887-2398');
insert into clientes (cliente_id, nombre, apellido, telefono) values (153, 'Pam', 'Dunniom', '66(611)889-9734');
insert into clientes (cliente_id, nombre, apellido, telefono) values (154, 'Yalonda', 'Tomenson', '86(155)634-5933');
insert into clientes (cliente_id, nombre, apellido, telefono) values (155, 'Berti', 'Horsewood', '7(840)919-9521');
insert into clientes (cliente_id, nombre, apellido, telefono) values (156, 'Llewellyn', 'Kulvear', '86(599)649-3908');
insert into clientes (cliente_id, nombre, apellido, telefono) values (157, 'Florri', 'Peinke', '86(250)566-5303');
insert into clientes (cliente_id, nombre, apellido, telefono) values (158, 'Malina', 'Sherlock', '86(899)186-2908');
insert into clientes (cliente_id, nombre, apellido, telefono) values (159, 'Camile', 'Finlator', '38(277)649-7031');
insert into clientes (cliente_id, nombre, apellido, telefono) values (160, 'Kerianne', 'Digman', '51(480)541-2372');
insert into clientes (cliente_id, nombre, apellido, telefono) values (161, 'Yancey', 'Mickleborough', '33(553)124-7166');
insert into clientes (cliente_id, nombre, apellido, telefono) values (162, 'Wynne', 'Batkin', '26(388)396-0617');
insert into clientes (cliente_id, nombre, apellido, telefono) values (163, 'Lars', 'Bandy', '62(595)481-4635');
insert into clientes (cliente_id, nombre, apellido, telefono) values (164, 'Alisander', 'Gridon', '86(946)501-4009');
insert into clientes (cliente_id, nombre, apellido, telefono) values (165, 'Cornie', 'Kuhle', '86(114)759-3324');
insert into clientes (cliente_id, nombre, apellido, telefono) values (166, 'Jase', 'Palfrie', '62(859)374-1595');
insert into clientes (cliente_id, nombre, apellido, telefono) values (167, 'Tanitansy', 'Swindall', '86(477)301-3689');
insert into clientes (cliente_id, nombre, apellido, telefono) values (168, 'Edith', 'Piletic', '27(777)877-4287');
insert into clientes (cliente_id, nombre, apellido, telefono) values (169, 'Alfy', 'Chastang', '62(539)162-5462');
insert into clientes (cliente_id, nombre, apellido, telefono) values (170, 'Evelyn', 'MacFarland', '86(654)413-8292');
insert into clientes (cliente_id, nombre, apellido, telefono) values (171, 'Dani', 'Domnin', '96(811)140-7910');
insert into clientes (cliente_id, nombre, apellido, telefono) values (172, 'Rodolfo', 'Crayk', '55(480)124-7806');
insert into clientes (cliente_id, nombre, apellido, telefono) values (173, 'Eugine', 'Trevon', '86(688)427-5794');
insert into clientes (cliente_id, nombre, apellido, telefono) values (174, 'Pavla', 'Danilchev', '50(331)929-3166');
insert into clientes (cliente_id, nombre, apellido, telefono) values (175, 'Bruno', 'Piletic', '51(764)183-6689');
insert into clientes (cliente_id, nombre, apellido, telefono) values (176, 'Joseph', 'Coate', '86(784)687-4672');
insert into clientes (cliente_id, nombre, apellido, telefono) values (177, 'Broderick', 'Benini', '35(629)555-2558');
insert into clientes (cliente_id, nombre, apellido, telefono) values (178, 'Mercie', 'Stubbins', '55(737)580-3530');
insert into clientes (cliente_id, nombre, apellido, telefono) values (179, 'Gennie', 'Challener', '1(651)931-3544');
insert into clientes (cliente_id, nombre, apellido, telefono) values (180, 'Brose', 'Skegg', '92(751)700-5796');
insert into clientes (cliente_id, nombre, apellido, telefono) values (181, 'Wandis', 'O''Cuddie', '86(610)625-6497');
insert into clientes (cliente_id, nombre, apellido, telefono) values (182, 'Moises', 'Scroggie', '66(609)171-6538');
insert into clientes (cliente_id, nombre, apellido, telefono) values (183, 'Phillipe', 'Abrahamsohn', '62(386)268-4188');
insert into clientes (cliente_id, nombre, apellido, telefono) values (184, 'Aleksandr', 'Doorly', '55(430)236-7124');
insert into clientes (cliente_id, nombre, apellido, telefono) values (185, 'Peggi', 'Stalf', '86(134)424-0514');
insert into clientes (cliente_id, nombre, apellido, telefono) values (186, 'Philly', 'Shellshear', '63(344)305-9018');
insert into clientes (cliente_id, nombre, apellido, telefono) values (187, 'Ruy', 'Mutter', '97(888)833-8369');
insert into clientes (cliente_id, nombre, apellido, telefono) values (188, 'Audrey', 'Lambird', '86(760)972-5504');
insert into clientes (cliente_id, nombre, apellido, telefono) values (189, 'Dario', 'Allaway', '35(586)756-2132');
insert into clientes (cliente_id, nombre, apellido, telefono) values (190, 'Elsi', 'Tillett', '86(184)714-8174');
insert into clientes (cliente_id, nombre, apellido, telefono) values (191, 'Christos', 'Bardey', '96(311)516-4699');
insert into clientes (cliente_id, nombre, apellido, telefono) values (192, 'Tristan', 'Thomasset', '38(838)800-0460');
insert into clientes (cliente_id, nombre, apellido, telefono) values (193, 'Antoinette', 'Grimmer', '42(549)547-2554');
insert into clientes (cliente_id, nombre, apellido, telefono) values (194, 'Gan', 'O''Reilly', '51(267)457-2021');
insert into clientes (cliente_id, nombre, apellido, telefono) values (195, 'Gabriel', 'Lynock', '63(602)961-2934');
insert into clientes (cliente_id, nombre, apellido, telefono) values (196, 'Jourdain', 'Mosdell', '24(779)242-9239');
insert into clientes (cliente_id, nombre, apellido, telefono) values (197, 'Marlon', 'Verissimo', '48(487)235-4575');
insert into clientes (cliente_id, nombre, apellido, telefono) values (198, 'Rudolph', 'Winkworth', '86(916)512-1419');
insert into clientes (cliente_id, nombre, apellido, telefono) values (199, 'Rriocard', 'Heaton', '63(202)469-1311');
insert into clientes (cliente_id, nombre, apellido, telefono) values (200, 'Yvonne', 'Chapiro', '86(233)855-3290');

--******************************************************************************************************************************

insert into turnos (turno_id, fecha_inicio, fecha_fin) values (1, '2019-10-18 17:11:53', '2020-03-09 20:13:26');
insert into turnos (turno_id, fecha_inicio, fecha_fin) values (2, '2019-12-08 04:50:22', '2019-09-08 18:45:10');
insert into turnos (turno_id, fecha_inicio, fecha_fin) values (3, '2020-04-17 15:33:51', '2020-06-06 02:10:18');
insert into turnos (turno_id, fecha_inicio, fecha_fin) values (4, '2019-11-06 11:48:02', '2020-07-19 15:07:57');
insert into turnos (turno_id, fecha_inicio, fecha_fin) values (5, '2020-07-17 04:11:01', '2019-10-30 20:27:59');
insert into turnos (turno_id, fecha_inicio, fecha_fin) values (6, '2020-04-16 02:50:55', '2020-03-28 01:32:10');
insert into turnos (turno_id, fecha_inicio, fecha_fin) values (7, '2020-03-26 03:15:12', '2020-02-26 05:32:00');
insert into turnos (turno_id, fecha_inicio, fecha_fin) values (8, '2020-05-13 11:31:11', '2020-07-18 14:52:04');
insert into turnos (turno_id, fecha_inicio, fecha_fin) values (9, '2019-12-03 23:55:20', '2020-08-18 04:33:18');
insert into turnos (turno_id, fecha_inicio, fecha_fin) values (10, '2019-12-24 08:46:20', '2019-12-15 09:16:05');
insert into turnos (turno_id, fecha_inicio, fecha_fin) values (11, '2020-01-18 21:37:24', '2020-08-20 11:05:08');
insert into turnos (turno_id, fecha_inicio, fecha_fin) values (12, '2019-11-27 07:02:23', '2020-02-23 20:44:59');
insert into turnos (turno_id, fecha_inicio, fecha_fin) values (13, '2020-03-31 22:01:52', '2020-05-11 08:35:58');
insert into turnos (turno_id, fecha_inicio, fecha_fin) values (14, '2020-06-24 13:58:08', '2020-05-13 08:17:14');
insert into turnos (turno_id, fecha_inicio, fecha_fin) values (15, '2020-08-17 10:19:22', '2019-12-16 01:21:51');

--******************************************************************************************************************************

insert into empleado (empleado_id, nombre, apellido, telefono, direccion, supervisor_id, turno_id, salario) values (1, 'Kiley', 'Safell', '257-329-3554', '17162 Heath Park', 1, 1, 12976.49);
insert into empleado (empleado_id, nombre, apellido, telefono, direccion, supervisor_id, turno_id, salario) values (2, 'Thomasina', 'Barthelet', '190-836-6639', '0 Hudson Street', 1, 3, 1983.23);
insert into empleado (empleado_id, nombre, apellido, telefono, direccion, supervisor_id, turno_id, salario) values (3, 'Anne', 'Arlet', '385-617-5379', '39 Packers Way', 1, 5, 14176.31);
insert into empleado (empleado_id, nombre, apellido, telefono, direccion, supervisor_id, turno_id, salario) values (4, 'Brita', 'Spawforth', '918-135-9794', '93540 Mendota Park', 3, 7, 14475.01);
insert into empleado (empleado_id, nombre, apellido, telefono, direccion, supervisor_id, turno_id, salario) values (5, 'Padraig', 'Ranscomb', '802-915-9392', '5 Parkside Circle', 2, 9, 7479.36);
insert into empleado (empleado_id, nombre, apellido, telefono, direccion, supervisor_id, turno_id, salario) values (6, 'Dominga', 'Di Giacomettino', '439-148-1749', '78 Schmedeman Trail', 2, 11, 10770.56);
insert into empleado (empleado_id, nombre, apellido, telefono, direccion, supervisor_id, turno_id, salario) values (7, 'Rutter', 'Thome', '643-986-6204', '74433 Del Mar Drive', 3, 13, 13313.68);
insert into empleado (empleado_id, nombre, apellido, telefono, direccion, supervisor_id, turno_id, salario) values (8, 'Zora', 'Ivain', '192-670-9243', '66 Dennis Plaza', 3, 15, 12057.0);
insert into empleado (empleado_id, nombre, apellido, telefono, direccion, supervisor_id, turno_id, salario) values (9, 'Clio', 'Vittery', '677-395-2255', '47 Sachs Point', 4, 2, 4120.75);
insert into empleado (empleado_id, nombre, apellido, telefono, direccion, supervisor_id, turno_id, salario) values (10, 'Hyman', 'Maplethorp', '842-770-0718', '2 Mandrake Park', 4, 4, 12739.5);
insert into empleado (empleado_id, nombre, apellido, telefono, direccion, supervisor_id, turno_id, salario) values (11, 'Wynny', 'Checcuzzi', '930-583-6798', '1379 Towne Alley', 4, 6, 819.96);
insert into empleado (empleado_id, nombre, apellido, telefono, direccion, supervisor_id, turno_id, salario) values (12, 'Christye', 'Vasyukhnov', '596-946-1417', '3 Warbler Court', 55, 8, 6168.82);
insert into empleado (empleado_id, nombre, apellido, telefono, direccion, supervisor_id, turno_id, salario) values (13, 'Addy', 'Yele', '298-674-9110', '24029 Randy Pass', 5, 10, 570.42);
insert into empleado (empleado_id, nombre, apellido, telefono, direccion, supervisor_id, turno_id, salario) values (14, 'Marlene', 'Jovicevic', '370-446-6677', '1686 8th Hill', 6, 12, 3367.57);
insert into empleado (empleado_id, nombre, apellido, telefono, direccion, supervisor_id, turno_id, salario) values (15, 'Lion', 'Phelip', '778-596-3441', '0959 Walton Lane', 7, 14, 6358.26);
insert into empleado (empleado_id, nombre, apellido, telefono, direccion, supervisor_id, turno_id, salario) values (16, 'Hermina', 'Hollingdale', '427-966-9799', '5353 Caliangt Hill', 7, 1, 5792.89);
insert into empleado (empleado_id, nombre, apellido, telefono, direccion, supervisor_id, turno_id, salario) values (17, 'Tully', 'Hargitt', '444-530-0454', '91 Pawling Point', 33, 3, 12269.73);
insert into empleado (empleado_id, nombre, apellido, telefono, direccion, supervisor_id, turno_id, salario) values (18, 'Clarette', 'Rossbrooke', '791-253-5908', '13 Butternut Pass', 8, 5, 9874.0);
insert into empleado (empleado_id, nombre, apellido, telefono, direccion, supervisor_id, turno_id, salario) values (19, 'Rickard', 'Sandercock', '312-818-9882', '12 Packers Pass', 8, 7, 8999.62);
insert into empleado (empleado_id, nombre, apellido, telefono, direccion, supervisor_id, turno_id, salario) values (20, 'Sax', 'Georgel', '639-201-4523', '010 Coolidge Center', 9, 9, 7385.5);
insert into empleado (empleado_id, nombre, apellido, telefono, direccion, supervisor_id, turno_id, salario) values (21, 'Letti', 'Gallegos', '987-993-2025', '26 Lindbergh Crossing', 9, 11, 9416.38);
insert into empleado (empleado_id, nombre, apellido, telefono, direccion, supervisor_id, turno_id, salario) values (22, 'Douglass', 'Vaux', '324-131-1161', '22269 Hauk Lane', 12, 13, 5172.5);
insert into empleado (empleado_id, nombre, apellido, telefono, direccion, supervisor_id, turno_id, salario) values (23, 'Abraham', 'Austin', '166-325-1503', '8 Rowland Way', 14, 15, 657.17);
insert into empleado (empleado_id, nombre, apellido, telefono, direccion, supervisor_id, turno_id, salario) values (24, 'Kendal', 'Guerreru', '217-840-8878', '9 Truax Place', 15, 2, 12239.32);
insert into empleado (empleado_id, nombre, apellido, telefono, direccion, supervisor_id, turno_id, salario) values (25, 'Oralle', 'Rodder', '354-990-2476', '00 Independence Circle', 16, 4, 675.51);
insert into empleado (empleado_id, nombre, apellido, telefono, direccion, supervisor_id, turno_id, salario) values (26, 'Gunilla', 'Clausner', '950-334-5219', '031 Stephen Crossing', 18, 6, 12646.62);
insert into empleado (empleado_id, nombre, apellido, telefono, direccion, supervisor_id, turno_id, salario) values (27, 'Abrahan', 'Pretty', '400-613-3532', '58 Westridge Point', 53, 8, 11888.39);
insert into empleado (empleado_id, nombre, apellido, telefono, direccion, supervisor_id, turno_id, salario) values (28, 'Othilia', 'Schlagman', '967-479-4644', '50 Brentwood Alley', 55, 10, 14733.85);
insert into empleado (empleado_id, nombre, apellido, telefono, direccion, supervisor_id, turno_id, salario) values (29, 'Lizzie', 'Elphick', '175-987-5787', '718 Golden Leaf Court', 57, 12, 14242.74);
insert into empleado (empleado_id, nombre, apellido, telefono, direccion, supervisor_id, turno_id, salario) values (30, 'Minda', 'Swansbury', '725-824-2652', '76625 Hansons Park', 59, 14, 6963.9);
insert into empleado (empleado_id, nombre, apellido, telefono, direccion, supervisor_id, turno_id, salario) values (31, 'Dav', 'Guerre', '928-735-2237', '2 Springs Way', 61, 1, 11155.95);
insert into empleado (empleado_id, nombre, apellido, telefono, direccion, supervisor_id, turno_id, salario) values (32, 'Tamqrah', 'Brettelle', '885-192-5583', '951 Blaine Circle', 63, 3, 6782.15);
insert into empleado (empleado_id, nombre, apellido, telefono, direccion, supervisor_id, turno_id, salario) values (33, 'Constancy', 'Postle', '246-379-0458', '7624 Main Junction', 65, 5, 6212.49);
insert into empleado (empleado_id, nombre, apellido, telefono, direccion, supervisor_id, turno_id, salario) values (34, 'Ruthi', 'Mahedy', '383-327-5811', '082 Del Sol Court', 67, 7, 9628.66);
insert into empleado (empleado_id, nombre, apellido, telefono, direccion, supervisor_id, turno_id, salario) values (35, 'Mitchel', 'Conant', '698-891-5613', '95 Columbus Drive', 69, 9, 11795.85);
insert into empleado (empleado_id, nombre, apellido, telefono, direccion, supervisor_id, turno_id, salario) values (36, 'Glen', 'McDougle', '547-373-3483', '68579 Nancy Avenue', 71, 11, 7658.81);
insert into empleado (empleado_id, nombre, apellido, telefono, direccion, supervisor_id, turno_id, salario) values (37, 'Malissia', 'Atwell', '770-397-2704', '65 Forster Circle', 73, 13, 3409.44);
insert into empleado (empleado_id, nombre, apellido, telefono, direccion, supervisor_id, turno_id, salario) values (38, 'Rory', 'Britto', '603-675-1428', '7 Mccormick Terrace', 75, 15, 14091.43);
insert into empleado (empleado_id, nombre, apellido, telefono, direccion, supervisor_id, turno_id, salario) values (39, 'Vanna', 'Moyler', '140-809-5824', '65323 8th Terrace', 77, 2, 5000.55);
insert into empleado (empleado_id, nombre, apellido, telefono, direccion, supervisor_id, turno_id, salario) values (40, 'Gavin', 'Pendrick', '612-672-9734', '206 Judy Center', 79, 4, 994.9);
insert into empleado (empleado_id, nombre, apellido, telefono, direccion, supervisor_id, turno_id, salario) values (41, 'Johnath', 'Behnke', '449-561-6818', '8 High Crossing Way', 81, 6, 10870.75);
insert into empleado (empleado_id, nombre, apellido, telefono, direccion, supervisor_id, turno_id, salario) values (42, 'Angela', 'Lago', '948-692-3300', '784 Darwin Hill', 83, 8, 13064.62);
insert into empleado (empleado_id, nombre, apellido, telefono, direccion, supervisor_id, turno_id, salario) values (43, 'Prisca', 'Ivanisov', '166-597-3109', '1179 Dryden Circle', 85, 10, 4606.29);
insert into empleado (empleado_id, nombre, apellido, telefono, direccion, supervisor_id, turno_id, salario) values (44, 'Judith', 'Hutchin', '395-387-7289', '70684 Garrison Circle', 87, 12, 12726.3);
insert into empleado (empleado_id, nombre, apellido, telefono, direccion, supervisor_id, turno_id, salario) values (45, 'Meriel', 'Klimkowski', '399-330-2637', '548 Dexter Drive', 89, 14, 6950.34);
insert into empleado (empleado_id, nombre, apellido, telefono, direccion, supervisor_id, turno_id, salario) values (46, 'Augustine', 'Seyffert', '968-694-4253', '5 Myrtle Park', 91, 1, 3906.63);
insert into empleado (empleado_id, nombre, apellido, telefono, direccion, supervisor_id, turno_id, salario) values (47, 'Janifer', 'Camillo', '512-595-5089', '54280 Hagan Point', 93, 3, 4929.07);
insert into empleado (empleado_id, nombre, apellido, telefono, direccion, supervisor_id, turno_id, salario) values (48, 'Eamon', 'Gallon', '857-490-9494', '51865 Bultman Park', 95, 5, 11678.07);
insert into empleado (empleado_id, nombre, apellido, telefono, direccion, supervisor_id, turno_id, salario) values (49, 'Meredith', 'Buncom', '916-143-4773', '37 Victoria Court', 97, 7, 1138.93);
insert into empleado (empleado_id, nombre, apellido, telefono, direccion, supervisor_id, turno_id, salario) values (50, 'Jarrad', 'Gajownik', '208-978-9117', '52 Melvin Circle', 99, 9, 10412.24);
insert into empleado (empleado_id, nombre, apellido, telefono, direccion, supervisor_id, turno_id, salario) values (51, 'Etty', 'Newson', '935-830-5727', '4143 Sheridan Alley', 1, 11, 14454.51);
insert into empleado (empleado_id, nombre, apellido, telefono, direccion, supervisor_id, turno_id, salario) values (52, 'Cordie', 'Barensen', '371-548-7059', '0 Manufacturers Junction', 3, 13, 11753.12);
insert into empleado (empleado_id, nombre, apellido, telefono, direccion, supervisor_id, turno_id, salario) values (53, 'Farleigh', 'Stocken', '712-133-2139', '976 Knutson Trail', 5, 15, 3578.85);
insert into empleado (empleado_id, nombre, apellido, telefono, direccion, supervisor_id, turno_id, salario) values (54, 'Nikita', 'Florence', '682-814-9935', '152 Service Way', 7, 2, 14070.02);
insert into empleado (empleado_id, nombre, apellido, telefono, direccion, supervisor_id, turno_id, salario) values (55, 'Ailene', 'Brashier', '263-124-9610', '1179 Homewood Place', 9, 4, 11274.74);
insert into empleado (empleado_id, nombre, apellido, telefono, direccion, supervisor_id, turno_id, salario) values (56, 'Caspar', 'Tefft', '862-167-6334', '585 Porter Point', 11, 6, 1949.12);
insert into empleado (empleado_id, nombre, apellido, telefono, direccion, supervisor_id, turno_id, salario) values (57, 'Norri', 'Dunkley', '184-651-1066', '0163 Waywood Street', 13, 8, 8766.82);
insert into empleado (empleado_id, nombre, apellido, telefono, direccion, supervisor_id, turno_id, salario) values (58, 'Benton', 'Straffon', '725-261-4103', '2 Lotheville Trail', 15, 10, 8737.31);
insert into empleado (empleado_id, nombre, apellido, telefono, direccion, supervisor_id, turno_id, salario) values (59, 'Lanie', 'Dunkinson', '926-955-8451', '66213 Cascade Place', 17, 12, 6985.23);
insert into empleado (empleado_id, nombre, apellido, telefono, direccion, supervisor_id, turno_id, salario) values (60, 'Hubie', 'Fairest', '113-437-6395', '4100 Village Green Place', 19, 14, 13972.01);
insert into empleado (empleado_id, nombre, apellido, telefono, direccion, supervisor_id, turno_id, salario) values (61, 'Toni', 'Brayson', '805-281-9957', '625 Rockefeller Drive', 21, 1, 4643.24);
insert into empleado (empleado_id, nombre, apellido, telefono, direccion, supervisor_id, turno_id, salario) values (62, 'Alisander', 'Downie', '951-224-3616', '4334 Granby Avenue', 23, 3, 7197.7);
insert into empleado (empleado_id, nombre, apellido, telefono, direccion, supervisor_id, turno_id, salario) values (63, 'Dianna', 'Humphrys', '214-906-1473', '6 Arkansas Alley', 25, 5, 4860.98);
insert into empleado (empleado_id, nombre, apellido, telefono, direccion, supervisor_id, turno_id, salario) values (64, 'Dorey', 'Norgate', '209-397-6604', '51830 Kropf Point', 27, 7, 10129.37);
insert into empleado (empleado_id, nombre, apellido, telefono, direccion, supervisor_id, turno_id, salario) values (65, 'Doll', 'Ruggiero', '176-414-6619', '26 Lyons Trail', 29, 9, 11500.65);
insert into empleado (empleado_id, nombre, apellido, telefono, direccion, supervisor_id, turno_id, salario) values (66, 'Winny', 'Kilsby', '797-775-1157', '4 Ridgeway Road', 31, 11, 10175.67);
insert into empleado (empleado_id, nombre, apellido, telefono, direccion, supervisor_id, turno_id, salario) values (67, 'Page', 'Carle', '311-481-5005', '3 Del Mar Drive', 33, 13, 5667.78);
insert into empleado (empleado_id, nombre, apellido, telefono, direccion, supervisor_id, turno_id, salario) values (68, 'Josey', 'Morde', '510-766-4144', '814 Grayhawk Center', 35, 15, 4852.44);
insert into empleado (empleado_id, nombre, apellido, telefono, direccion, supervisor_id, turno_id, salario) values (69, 'Lev', 'Croose', '788-542-7972', '36117 Pleasure Lane', 37, 2, 12296.1);
insert into empleado (empleado_id, nombre, apellido, telefono, direccion, supervisor_id, turno_id, salario) values (70, 'Lindsy', 'Godrich', '629-243-4562', '46071 Petterle Lane', 39, 4, 7600.56);
insert into empleado (empleado_id, nombre, apellido, telefono, direccion, supervisor_id, turno_id, salario) values (71, 'Ernestine', 'Largen', '101-563-7563', '83855 Kim Way', 41, 6, 14710.27);
insert into empleado (empleado_id, nombre, apellido, telefono, direccion, supervisor_id, turno_id, salario) values (72, 'Leone', 'Klempke', '255-536-6375', '4 Hallows Trail', 43, 8, 7389.4);
insert into empleado (empleado_id, nombre, apellido, telefono, direccion, supervisor_id, turno_id, salario) values (73, 'Bee', 'Baumadier', '941-511-3714', '14163 Autumn Leaf Crossing', 45, 10, 9941.96);
insert into empleado (empleado_id, nombre, apellido, telefono, direccion, supervisor_id, turno_id, salario) values (74, 'Chaim', 'Dayley', '908-852-1516', '546 Main Circle', 47, 12, 4199.12);
insert into empleado (empleado_id, nombre, apellido, telefono, direccion, supervisor_id, turno_id, salario) values (75, 'Neala', 'Leatherbarrow', '479-789-0139', '6 Melvin Way', 49, 14, 4995.74);
insert into empleado (empleado_id, nombre, apellido, telefono, direccion, supervisor_id, turno_id, salario) values (76, 'Xenia', 'Rapi', '993-499-7102', '4658 Buhler Trail', 51, 1, 7230.92);
insert into empleado (empleado_id, nombre, apellido, telefono, direccion, supervisor_id, turno_id, salario) values (77, 'Phelia', 'Avrahm', '864-931-4561', '0292 Clyde Gallagher Circle', 53, 3, 8307.79);
insert into empleado (empleado_id, nombre, apellido, telefono, direccion, supervisor_id, turno_id, salario) values (78, 'Jim', 'Kay', '389-625-8406', '31 Pine View Court', 55, 5, 772.7);
insert into empleado (empleado_id, nombre, apellido, telefono, direccion, supervisor_id, turno_id, salario) values (79, 'Jules', 'Lepope', '489-524-2708', '58889 Center Center', 57, 7, 6002.92);
insert into empleado (empleado_id, nombre, apellido, telefono, direccion, supervisor_id, turno_id, salario) values (80, 'Enrichetta', 'Ransome', '364-222-8396', '707 Towne Crossing', 59, 9, 9374.07);
insert into empleado (empleado_id, nombre, apellido, telefono, direccion, supervisor_id, turno_id, salario) values (81, 'Lexi', 'Grunwald', '190-203-6566', '5751 Vidon Court', 61, 11, 10730.15);
insert into empleado (empleado_id, nombre, apellido, telefono, direccion, supervisor_id, turno_id, salario) values (82, 'Mira', 'Varvara', '906-464-0942', '236 Morrow Drive', 63, 13, 2211.1);
insert into empleado (empleado_id, nombre, apellido, telefono, direccion, supervisor_id, turno_id, salario) values (83, 'Bobbie', 'Beadell', '350-942-3865', '747 Bayside Pass', 65, 15, 3629.63);
insert into empleado (empleado_id, nombre, apellido, telefono, direccion, supervisor_id, turno_id, salario) values (84, 'Traver', 'McKew', '221-847-7749', '4200 Beilfuss Hill', 67, 2, 13668.15);
insert into empleado (empleado_id, nombre, apellido, telefono, direccion, supervisor_id, turno_id, salario) values (85, 'Berke', 'MacMenamy', '981-226-7905', '557 Tennessee Lane', 69, 4, 4966.12);
insert into empleado (empleado_id, nombre, apellido, telefono, direccion, supervisor_id, turno_id, salario) values (86, 'Krishnah', 'Pickless', '769-984-2563', '72 Rockefeller Road', 71, 6, 13189.78);
insert into empleado (empleado_id, nombre, apellido, telefono, direccion, supervisor_id, turno_id, salario) values (87, 'Leelah', 'Craddy', '613-713-6286', '63 Milwaukee Hill', 73, 8, 10002.6);
insert into empleado (empleado_id, nombre, apellido, telefono, direccion, supervisor_id, turno_id, salario) values (88, 'Tomkin', 'Durham', '339-700-9242', '43 1st Avenue', 75, 10, 14930.0);
insert into empleado (empleado_id, nombre, apellido, telefono, direccion, supervisor_id, turno_id, salario) values (89, 'Emlynne', 'Brinkman', '512-999-1387', '73 Havey Parkway', 77, 12, 4766.07);
insert into empleado (empleado_id, nombre, apellido, telefono, direccion, supervisor_id, turno_id, salario) values (90, 'Dallas', 'Stidson', '310-614-5431', '2093 Orin Trail', 79, 14, 8110.14);
insert into empleado (empleado_id, nombre, apellido, telefono, direccion, supervisor_id, turno_id, salario) values (91, 'Kristine', 'Elsley', '897-986-6516', '81 Shoshone Terrace', 81, 1, 3904.91);
insert into empleado (empleado_id, nombre, apellido, telefono, direccion, supervisor_id, turno_id, salario) values (92, 'Marys', 'Kusick', '935-153-8008', '2686 Monument Avenue', 83, 3, 14271.66);
insert into empleado (empleado_id, nombre, apellido, telefono, direccion, supervisor_id, turno_id, salario) values (93, 'Tanner', 'Roblou', '493-935-5026', '53399 Walton Hill', 85, 5, 4100.72);
insert into empleado (empleado_id, nombre, apellido, telefono, direccion, supervisor_id, turno_id, salario) values (94, 'Odilia', 'Margrie', '926-221-0953', '65437 Mandrake Court', 87, 7, 1241.15);
insert into empleado (empleado_id, nombre, apellido, telefono, direccion, supervisor_id, turno_id, salario) values (95, 'Rosabella', 'Matusov', '158-779-3325', '52 Anderson Crossing', 89, 9, 8274.04);
insert into empleado (empleado_id, nombre, apellido, telefono, direccion, supervisor_id, turno_id, salario) values (96, 'Mame', 'Grzelczyk', '990-499-3304', '51 Sommers Junction', 91, 11, 2071.27);
insert into empleado (empleado_id, nombre, apellido, telefono, direccion, supervisor_id, turno_id, salario) values (97, 'Fremont', 'Deyenhardt', '373-155-0843', '882 Claremont Parkway', 93, 13, 9794.08);
insert into empleado (empleado_id, nombre, apellido, telefono, direccion, supervisor_id, turno_id, salario) values (98, 'Cris', 'Biasi', '205-716-8804', '04 Clemons Park', 95, 15, 13974.44);
insert into empleado (empleado_id, nombre, apellido, telefono, direccion, supervisor_id, turno_id, salario) values (99, 'Dalston', 'Struther', '617-180-8898', '15 Summerview Place', 97, 2, 8497.64);
insert into empleado (empleado_id, nombre, apellido, telefono, direccion, supervisor_id, turno_id, salario) values (100, 'Aubrette', 'Coward', '454-626-7869', '23 Anderson Place', 99, 4, 8356.76);

--******************************************************************************************************************************

insert into proveedores (proveedor_id, nombre, telefono, direccion) values (1, 'Conn, Abbott and Keebler', '440-349-1026', '1266 Menomonie Crossing');
insert into proveedores (proveedor_id, nombre, telefono, direccion) values (2, 'Windler Inc', '568-251-0072', '7125 Artisan Crossing');
insert into proveedores (proveedor_id, nombre, telefono, direccion) values (3, 'Wyman-Ruecker', '401-937-6231', '7059 Butterfield Road');
insert into proveedores (proveedor_id, nombre, telefono, direccion) values (4, 'Osinski, Legros and Stanton', '580-764-4006', '05 Redwing Way');
insert into proveedores (proveedor_id, nombre, telefono, direccion) values (5, 'Boyer, Beier and Howell', '923-871-5318', '051 Larry Court');
insert into proveedores (proveedor_id, nombre, telefono, direccion) values (6, 'Williamson LLC', '621-444-9168', '1 Bartelt Junction');
insert into proveedores (proveedor_id, nombre, telefono, direccion) values (7, 'Hintz-Grant', '593-947-2209', '16 Golf Avenue');
insert into proveedores (proveedor_id, nombre, telefono, direccion) values (8, 'Weimann, Orn and Nolan', '267-865-6218', '238 Mendota Hill');
insert into proveedores (proveedor_id, nombre, telefono, direccion) values (9, 'Nicolas-Nikolaus', '906-458-1364', '6550 Troy Alley');
insert into proveedores (proveedor_id, nombre, telefono, direccion) values (10, 'Brekke-Mills', '188-241-6918', '688 Banding Court');
insert into proveedores (proveedor_id, nombre, telefono, direccion) values (11, 'Gulgowski, Reichert and Kerluke', '198-756-9665', '8685 Ridgeway Avenue');
insert into proveedores (proveedor_id, nombre, telefono, direccion) values (12, 'Spencer and Sons', '974-335-4157', '79233 Northwestern Drive');
insert into proveedores (proveedor_id, nombre, telefono, direccion) values (13, 'Bechtelar Inc', '729-274-3234', '1 Beilfuss Place');
insert into proveedores (proveedor_id, nombre, telefono, direccion) values (14, 'Bins, Prohaska and Huel', '418-470-5250', '2 Donald Place');
insert into proveedores (proveedor_id, nombre, telefono, direccion) values (15, 'Hackett-Wintheiser', '434-394-3911', '619 Talisman Street');

--**********************************************************************************************************************************************************************************

insert into productos (producto_id, nombre, proveedor_id, precio) values (1, 'Cheese - Victor Et Berthold', 1, 29.54);
insert into productos (producto_id, nombre, proveedor_id, precio) values (2, 'Coffee - Colombian, Portioned', 3, 5.22);
insert into productos (producto_id, nombre, proveedor_id, precio) values (3, 'Jello - Assorted', 5, 21.23);
insert into productos (producto_id, nombre, proveedor_id, precio) values (4, 'Breadfruit', 7, 29.05);
insert into productos (producto_id, nombre, proveedor_id, precio) values (5, 'Chicken - Wieners', 9, 23.83);
insert into productos (producto_id, nombre, proveedor_id, precio) values (6, 'Lettuce - Mini Greens, Whole', 11, 22.69);
insert into productos (producto_id, nombre, proveedor_id, precio) values (7, 'Wine - Touraine Azay - Le - Rideau', 13, 8.14);
insert into productos (producto_id, nombre, proveedor_id, precio) values (8, 'Wine - Tribal Sauvignon', 15, 22.76);
insert into productos (producto_id, nombre, proveedor_id, precio) values (9, 'Pail With Metal Handle 16l White', 2, 24.83);
insert into productos (producto_id, nombre, proveedor_id, precio) values (10, 'Cup - 6oz, Foam', 4, 10.68);
insert into productos (producto_id, nombre, proveedor_id, precio) values (11, 'Coffee Guatemala Dark', 6, 8.07);
insert into productos (producto_id, nombre, proveedor_id, precio) values (12, 'Chocolate Bar - Oh Henry', 8, 24.36);
insert into productos (producto_id, nombre, proveedor_id, precio) values (13, 'Juice - Orangina', 10, 10.62);
insert into productos (producto_id, nombre, proveedor_id, precio) values (14, 'Lamb - Pieces, Diced', 12, 14.55);
insert into productos (producto_id, nombre, proveedor_id, precio) values (15, 'Icecream - Dstk Strw Chseck', 14, 13.93);
insert into productos (producto_id, nombre, proveedor_id, precio) values (16, 'Carbonated Water - Strawberry', 1, 15.71);
insert into productos (producto_id, nombre, proveedor_id, precio) values (17, 'Soupcontfoam16oz 116con', 3, 20.06);
insert into productos (producto_id, nombre, proveedor_id, precio) values (18, 'Coffee - Almond Amaretto', 5, 29.16);
insert into productos (producto_id, nombre, proveedor_id, precio) values (19, 'Milk - 1%', 7, 15.5);
insert into productos (producto_id, nombre, proveedor_id, precio) values (20, 'Wine - Charddonnay Errazuriz', 9, 9.66);
insert into productos (producto_id, nombre, proveedor_id, precio) values (21, 'Flour - Corn, Fine', 11, 20.25);
insert into productos (producto_id, nombre, proveedor_id, precio) values (22, 'Wine - White, Lindemans Bin 95', 13, 17.65);
insert into productos (producto_id, nombre, proveedor_id, precio) values (23, 'Syrup - Golden, Lyles', 15, 18.87);
insert into productos (producto_id, nombre, proveedor_id, precio) values (24, 'Pork - Bacon, Double Smoked', 2, 7.75);
insert into productos (producto_id, nombre, proveedor_id, precio) values (25, 'Vodka - Lemon, Absolut', 4, 14.18);
insert into productos (producto_id, nombre, proveedor_id, precio) values (26, 'Salmon Steak - Cohoe 8 Oz', 6, 15.39);
insert into productos (producto_id, nombre, proveedor_id, precio) values (27, 'Magnotta - Bel Paese White', 8, 5.29);
insert into productos (producto_id, nombre, proveedor_id, precio) values (28, 'Bread - Dark Rye, Loaf', 10, 10.6);
insert into productos (producto_id, nombre, proveedor_id, precio) values (29, 'Wine - Dubouef Macon - Villages', 12, 19.6);
insert into productos (producto_id, nombre, proveedor_id, precio) values (30, 'Bread - Pita', 14, 12.38);
insert into productos (producto_id, nombre, proveedor_id, precio) values (31, 'Soup - Campbells - Chicken Noodle', 1, 21.35);
insert into productos (producto_id, nombre, proveedor_id, precio) values (32, 'Wood Chips - Regular', 3, 29.14);
insert into productos (producto_id, nombre, proveedor_id, precio) values (33, 'Paste - Black Olive', 5, 13.74);
insert into productos (producto_id, nombre, proveedor_id, precio) values (34, 'Mushroom Morel Fresh', 7, 12.15);
insert into productos (producto_id, nombre, proveedor_id, precio) values (35, 'Quinoa', 9, 15.67);
insert into productos (producto_id, nombre, proveedor_id, precio) values (36, 'Trout - Smoked', 11, 11.43);
insert into productos (producto_id, nombre, proveedor_id, precio) values (37, 'Onions - Pearl', 13, 13.54);
insert into productos (producto_id, nombre, proveedor_id, precio) values (38, 'Ecolab - Hobart Upr Prewash Arm', 15, 6.54);
insert into productos (producto_id, nombre, proveedor_id, precio) values (39, 'Soup - Clam Chowder, Dry Mix', 2, 8.1);
insert into productos (producto_id, nombre, proveedor_id, precio) values (40, 'Wine - Toasted Head', 4, 11.53);
insert into productos (producto_id, nombre, proveedor_id, precio) values (41, 'Cake - Pancake', 6, 9.07);
insert into productos (producto_id, nombre, proveedor_id, precio) values (42, 'The Pop Shoppe - Lime Rickey', 8, 11.43);
insert into productos (producto_id, nombre, proveedor_id, precio) values (43, 'Macaroons - Two Bite Choc', 10, 17.93);
insert into productos (producto_id, nombre, proveedor_id, precio) values (44, 'Sterno - Chafing Dish Fuel', 12, 21.52);
insert into productos (producto_id, nombre, proveedor_id, precio) values (45, 'Napkin White', 14, 20.17);
insert into productos (producto_id, nombre, proveedor_id, precio) values (46, 'Zucchini - Yellow', 1, 18.35);
insert into productos (producto_id, nombre, proveedor_id, precio) values (47, 'Tea - Vanilla Chai', 3, 5.4);
insert into productos (producto_id, nombre, proveedor_id, precio) values (48, 'Coffee - Flavoured', 5, 6.05);
insert into productos (producto_id, nombre, proveedor_id, precio) values (49, 'Shrimp - Black Tiger 6 - 8', 7, 25.62);
insert into productos (producto_id, nombre, proveedor_id, precio) values (50, 'Tandoori Curry Paste', 9, 22.69);

--********************************************************************************************************************************

insert into servicios (servicio_id, descripcion, precio) values (1, 'Spa', 17.57);
insert into servicios (servicio_id, descripcion, precio) values (2, 'Desayuno', 5.17);
insert into servicios (servicio_id, descripcion, precio) values (3, 'Almuerzo', 13.71);
insert into servicios (servicio_id, descripcion, precio) values (4, 'Cena', 16.28);
insert into servicios (servicio_id, descripcion, precio) values (5, 'Piscina', 7.55);
insert into servicios (servicio_id, descripcion, precio) values (6, 'Gimnasio', 9.37);
insert into servicios (servicio_id, descripcion, precio) values (7, 'Saln de belleza', 9.37);


--******************************************************************************************************************************

insert into producto_servicio (producto_id, servicio_id, cant_producto) values (1, 1, 1);
insert into producto_servicio (producto_id, servicio_id, cant_producto) values (6, 3, 3);
insert into producto_servicio (producto_id, servicio_id, cant_producto) values (11, 5, 5);
insert into producto_servicio (producto_id, servicio_id, cant_producto) values (16, 7, 7);
insert into producto_servicio (producto_id, servicio_id, cant_producto) values (21, 2, 2);
insert into producto_servicio (producto_id, servicio_id, cant_producto) values (26, 4, 4);
insert into producto_servicio (producto_id, servicio_id, cant_producto) values (31, 6, 6);
insert into producto_servicio (producto_id, servicio_id, cant_producto) values (36, 1, 1);
insert into producto_servicio (producto_id, servicio_id, cant_producto) values (41, 3, 3);
insert into producto_servicio (producto_id, servicio_id, cant_producto) values (46, 5, 5);
insert into producto_servicio (producto_id, servicio_id, cant_producto) values (1, 7, 7);
insert into producto_servicio (producto_id, servicio_id, cant_producto) values (6, 2, 2);
insert into producto_servicio (producto_id, servicio_id, cant_producto) values (11, 4, 4);
insert into producto_servicio (producto_id, servicio_id, cant_producto) values (16, 6, 6);
insert into producto_servicio (producto_id, servicio_id, cant_producto) values (21, 1, 1);
insert into producto_servicio (producto_id, servicio_id, cant_producto) values (26, 3, 3);
insert into producto_servicio (producto_id, servicio_id, cant_producto) values (31, 5, 5);
insert into producto_servicio (producto_id, servicio_id, cant_producto) values (36, 7, 7);
insert into producto_servicio (producto_id, servicio_id, cant_producto) values (41, 2, 2);
insert into producto_servicio (producto_id, servicio_id, cant_producto) values (46, 4, 4);
insert into producto_servicio (producto_id, servicio_id, cant_producto) values (1, 6, 6);
insert into producto_servicio (producto_id, servicio_id, cant_producto) values (6, 1, 1);
insert into producto_servicio (producto_id, servicio_id, cant_producto) values (11, 3, 3);
insert into producto_servicio (producto_id, servicio_id, cant_producto) values (16, 5, 5);
insert into producto_servicio (producto_id, servicio_id, cant_producto) values (21, 7, 7);
insert into producto_servicio (producto_id, servicio_id, cant_producto) values (26, 2, 2);
insert into producto_servicio (producto_id, servicio_id, cant_producto) values (31, 4, 4);
insert into producto_servicio (producto_id, servicio_id, cant_producto) values (36, 6, 6);
insert into producto_servicio (producto_id, servicio_id, cant_producto) values (41, 1, 1);
insert into producto_servicio (producto_id, servicio_id, cant_producto) values (46, 3, 3);
insert into producto_servicio (producto_id, servicio_id, cant_producto) values (1, 5, 5);
insert into producto_servicio (producto_id, servicio_id, cant_producto) values (6, 7, 7);
insert into producto_servicio (producto_id, servicio_id, cant_producto) values (11, 2, 2);
insert into producto_servicio (producto_id, servicio_id, cant_producto) values (16, 4, 4);
insert into producto_servicio (producto_id, servicio_id, cant_producto) values (21, 6, 6);
insert into producto_servicio (producto_id, servicio_id, cant_producto) values (26, 1, 1);
insert into producto_servicio (producto_id, servicio_id, cant_producto) values (31, 3, 3);
insert into producto_servicio (producto_id, servicio_id, cant_producto) values (36, 5, 5);
insert into producto_servicio (producto_id, servicio_id, cant_producto) values (41, 7, 7);
insert into producto_servicio (producto_id, servicio_id, cant_producto) values (46, 2, 2);
insert into producto_servicio (producto_id, servicio_id, cant_producto) values (1, 4, 4);
insert into producto_servicio (producto_id, servicio_id, cant_producto) values (6, 6, 6);
insert into producto_servicio (producto_id, servicio_id, cant_producto) values (11, 1, 1);
insert into producto_servicio (producto_id, servicio_id, cant_producto) values (16, 3, 3);
insert into producto_servicio (producto_id, servicio_id, cant_producto) values (21, 5, 5);


--****************************************************************************************************

insert into registro_servicio (registro_id, servicio_id, empleado_id, cliente_id, habitacion_id, fecha) values (1, 1, 1, 1, 1, '2019-09-25 16:01:10');
insert into registro_servicio (registro_id, servicio_id, empleado_id, cliente_id, habitacion_id, fecha) values (2, 3, 6, 8, 4, '2019-09-10 10:43:58');
insert into registro_servicio (registro_id, servicio_id, empleado_id, cliente_id, habitacion_id, fecha) values (3, 5, 11, 15, 7, '2020-09-04 14:39:10');
insert into registro_servicio (registro_id, servicio_id, empleado_id, cliente_id, habitacion_id, fecha) values (4, 7, 16, 22, 10, '2020-01-11 20:02:16');
insert into registro_servicio (registro_id, servicio_id, empleado_id, cliente_id, habitacion_id, fecha) values (5, 2, 21, 29, 13, '2020-03-04 22:23:16');
insert into registro_servicio (registro_id, servicio_id, empleado_id, cliente_id, habitacion_id, fecha) values (6, 4, 26, 36, 16, '2020-03-29 10:03:30');
insert into registro_servicio (registro_id, servicio_id, empleado_id, cliente_id, habitacion_id, fecha) values (7, 6, 31, 43, 19, '2020-01-31 06:22:42');
insert into registro_servicio (registro_id, servicio_id, empleado_id, cliente_id, habitacion_id, fecha) values (8, 1, 36, 50, 22, '2019-12-13 13:53:42');
insert into registro_servicio (registro_id, servicio_id, empleado_id, cliente_id, habitacion_id, fecha) values (9, 3, 41, 57, 25, '2020-02-14 00:49:11');
insert into registro_servicio (registro_id, servicio_id, empleado_id, cliente_id, habitacion_id, fecha) values (10, 5, 46, 64, 28, '2019-10-21 20:59:07');
insert into registro_servicio (registro_id, servicio_id, empleado_id, cliente_id, habitacion_id, fecha) values (11, 7, 51, 71, 31, '2020-08-07 03:50:24');
insert into registro_servicio (registro_id, servicio_id, empleado_id, cliente_id, habitacion_id, fecha) values (12, 2, 56, 78, 34, '2020-01-31 19:44:36');
insert into registro_servicio (registro_id, servicio_id, empleado_id, cliente_id, habitacion_id, fecha) values (13, 4, 61, 85, 37, '2020-02-18 10:55:47');
insert into registro_servicio (registro_id, servicio_id, empleado_id, cliente_id, habitacion_id, fecha) values (14, 6, 66, 92, 40, '2020-04-19 16:57:52');
insert into registro_servicio (registro_id, servicio_id, empleado_id, cliente_id, habitacion_id, fecha) values (15, 1, 71, 99, 3, '2020-02-06 13:26:55');
insert into registro_servicio (registro_id, servicio_id, empleado_id, cliente_id, habitacion_id, fecha) values (16, 3, 76, 106, 6, '2020-01-10 23:30:52');
insert into registro_servicio (registro_id, servicio_id, empleado_id, cliente_id, habitacion_id, fecha) values (17, 5, 81, 113, 9, '2019-12-31 17:49:45');
insert into registro_servicio (registro_id, servicio_id, empleado_id, cliente_id, habitacion_id, fecha) values (18, 7, 86, 120, 12, '2020-08-18 22:44:30');
insert into registro_servicio (registro_id, servicio_id, empleado_id, cliente_id, habitacion_id, fecha) values (19, 2, 91, 127, 15, '2019-09-13 03:29:11');
insert into registro_servicio (registro_id, servicio_id, empleado_id, cliente_id, habitacion_id, fecha) values (20, 4, 96, 134, 18, '2020-06-24 02:22:21');
insert into registro_servicio (registro_id, servicio_id, empleado_id, cliente_id, habitacion_id, fecha) values (21, 6, 1, 141, 21, '2020-02-22 01:32:10');
insert into registro_servicio (registro_id, servicio_id, empleado_id, cliente_id, habitacion_id, fecha) values (22, 1, 6, 148, 24, '2019-10-14 07:15:41');
insert into registro_servicio (registro_id, servicio_id, empleado_id, cliente_id, habitacion_id, fecha) values (23, 3, 11, 155, 27, '2019-11-01 15:13:12');
insert into registro_servicio (registro_id, servicio_id, empleado_id, cliente_id, habitacion_id, fecha) values (24, 5, 16, 162, 30, '2020-06-10 20:22:28');
insert into registro_servicio (registro_id, servicio_id, empleado_id, cliente_id, habitacion_id, fecha) values (25, 7, 21, 169, 33, '2020-03-04 15:14:55');
insert into registro_servicio (registro_id, servicio_id, empleado_id, cliente_id, habitacion_id, fecha) values (26, 2, 26, 176, 36, '2020-06-29 16:52:46');
insert into registro_servicio (registro_id, servicio_id, empleado_id, cliente_id, habitacion_id, fecha) values (27, 4, 31, 183, 39, '2020-05-19 07:44:58');
insert into registro_servicio (registro_id, servicio_id, empleado_id, cliente_id, habitacion_id, fecha) values (28, 6, 36, 190, 2, '2020-02-09 03:29:50');
insert into registro_servicio (registro_id, servicio_id, empleado_id, cliente_id, habitacion_id, fecha) values (29, 1, 41, 197, 5, '2019-10-14 15:09:27');
insert into registro_servicio (registro_id, servicio_id, empleado_id, cliente_id, habitacion_id, fecha) values (30, 3, 46, 4, 8, '2019-12-07 00:40:02');
insert into registro_servicio (registro_id, servicio_id, empleado_id, cliente_id, habitacion_id, fecha) values (31, 5, 51, 11, 11, '2020-02-29 00:37:08');
insert into registro_servicio (registro_id, servicio_id, empleado_id, cliente_id, habitacion_id, fecha) values (32, 7, 56, 18, 14, '2020-08-26 01:08:07');
insert into registro_servicio (registro_id, servicio_id, empleado_id, cliente_id, habitacion_id, fecha) values (33, 2, 61, 25, 17, '2020-03-15 06:18:11');
insert into registro_servicio (registro_id, servicio_id, empleado_id, cliente_id, habitacion_id, fecha) values (34, 4, 66, 32, 20, '2020-02-02 11:16:14');
insert into registro_servicio (registro_id, servicio_id, empleado_id, cliente_id, habitacion_id, fecha) values (35, 6, 71, 39, 23, '2020-07-23 16:22:09');
insert into registro_servicio (registro_id, servicio_id, empleado_id, cliente_id, habitacion_id, fecha) values (36, 1, 76, 46, 26, '2020-07-06 16:05:33');
insert into registro_servicio (registro_id, servicio_id, empleado_id, cliente_id, habitacion_id, fecha) values (37, 3, 81, 53, 29, '2020-08-31 22:02:47');
insert into registro_servicio (registro_id, servicio_id, empleado_id, cliente_id, habitacion_id, fecha) values (38, 5, 86, 60, 32, '2020-06-23 17:29:24');
insert into registro_servicio (registro_id, servicio_id, empleado_id, cliente_id, habitacion_id, fecha) values (39, 7, 91, 67, 35, '2020-05-07 09:48:54');
insert into registro_servicio (registro_id, servicio_id, empleado_id, cliente_id, habitacion_id, fecha) values (40, 2, 96, 74, 38, '2019-10-18 22:48:34');
insert into registro_servicio (registro_id, servicio_id, empleado_id, cliente_id, habitacion_id, fecha) values (41, 4, 1, 81, 1, '2020-07-19 02:45:15');
insert into registro_servicio (registro_id, servicio_id, empleado_id, cliente_id, habitacion_id, fecha) values (42, 6, 6, 88, 4, '2020-04-03 04:14:11');
insert into registro_servicio (registro_id, servicio_id, empleado_id, cliente_id, habitacion_id, fecha) values (43, 1, 11, 95, 7, '2020-01-19 18:28:42');
insert into registro_servicio (registro_id, servicio_id, empleado_id, cliente_id, habitacion_id, fecha) values (44, 3, 16, 102, 10, '2020-05-24 21:22:55');
insert into registro_servicio (registro_id, servicio_id, empleado_id, cliente_id, habitacion_id, fecha) values (45, 5, 21, 109, 13, '2020-01-30 23:15:40');
insert into registro_servicio (registro_id, servicio_id, empleado_id, cliente_id, habitacion_id, fecha) values (46, 7, 26, 116, 16, '2020-03-16 23:30:42');
insert into registro_servicio (registro_id, servicio_id, empleado_id, cliente_id, habitacion_id, fecha) values (47, 2, 31, 123, 19, '2020-01-07 17:37:03');
insert into registro_servicio (registro_id, servicio_id, empleado_id, cliente_id, habitacion_id, fecha) values (48, 4, 36, 130, 22, '2019-10-05 13:14:42');
insert into registro_servicio (registro_id, servicio_id, empleado_id, cliente_id, habitacion_id, fecha) values (49, 6, 41, 137, 25, '2020-03-16 11:09:06');
insert into registro_servicio (registro_id, servicio_id, empleado_id, cliente_id, habitacion_id, fecha) values (50, 1, 46, 144, 28, '2019-10-15 09:19:35');
insert into registro_servicio (registro_id, servicio_id, empleado_id, cliente_id, habitacion_id, fecha) values (51, 3, 51, 151, 31, '2020-07-25 16:46:02');
insert into registro_servicio (registro_id, servicio_id, empleado_id, cliente_id, habitacion_id, fecha) values (52, 5, 56, 158, 34, '2020-02-20 23:08:45');
insert into registro_servicio (registro_id, servicio_id, empleado_id, cliente_id, habitacion_id, fecha) values (53, 7, 61, 165, 37, '2019-09-13 12:50:09');
insert into registro_servicio (registro_id, servicio_id, empleado_id, cliente_id, habitacion_id, fecha) values (54, 2, 66, 172, 40, '2019-12-11 08:57:38');
insert into registro_servicio (registro_id, servicio_id, empleado_id, cliente_id, habitacion_id, fecha) values (55, 4, 71, 179, 3, '2020-01-25 12:53:42');
insert into registro_servicio (registro_id, servicio_id, empleado_id, cliente_id, habitacion_id, fecha) values (56, 6, 76, 186, 6, '2019-09-18 09:26:57');
insert into registro_servicio (registro_id, servicio_id, empleado_id, cliente_id, habitacion_id, fecha) values (57, 1, 81, 193, 9, '2020-06-19 12:11:16');
insert into registro_servicio (registro_id, servicio_id, empleado_id, cliente_id, habitacion_id, fecha) values (58, 3, 86, 200, 12, '2019-10-24 20:48:03');
insert into registro_servicio (registro_id, servicio_id, empleado_id, cliente_id, habitacion_id, fecha) values (59, 5, 91, 7, 15, '2019-11-06 13:50:31');
insert into registro_servicio (registro_id, servicio_id, empleado_id, cliente_id, habitacion_id, fecha) values (60, 7, 96, 14, 18, '2019-11-13 07:42:23');
insert into registro_servicio (registro_id, servicio_id, empleado_id, cliente_id, habitacion_id, fecha) values (61, 2, 1, 21, 21, '2020-04-28 01:54:28');
insert into registro_servicio (registro_id, servicio_id, empleado_id, cliente_id, habitacion_id, fecha) values (62, 4, 6, 28, 24, '2019-12-02 02:42:29');
insert into registro_servicio (registro_id, servicio_id, empleado_id, cliente_id, habitacion_id, fecha) values (63, 6, 11, 35, 27, '2019-10-20 03:16:17');
insert into registro_servicio (registro_id, servicio_id, empleado_id, cliente_id, habitacion_id, fecha) values (64, 1, 16, 42, 30, '2020-08-12 03:25:48');
insert into registro_servicio (registro_id, servicio_id, empleado_id, cliente_id, habitacion_id, fecha) values (65, 3, 21, 49, 33, '2020-08-04 17:31:43');
insert into registro_servicio (registro_id, servicio_id, empleado_id, cliente_id, habitacion_id, fecha) values (66, 5, 26, 56, 36, '2020-02-10 21:30:58');
insert into registro_servicio (registro_id, servicio_id, empleado_id, cliente_id, habitacion_id, fecha) values (67, 7, 31, 63, 39, '2019-12-17 10:23:33');
insert into registro_servicio (registro_id, servicio_id, empleado_id, cliente_id, habitacion_id, fecha) values (68, 2, 36, 70, 2, '2019-11-28 19:08:56');
insert into registro_servicio (registro_id, servicio_id, empleado_id, cliente_id, habitacion_id, fecha) values (69, 4, 41, 77, 5, '2020-04-30 00:09:43');
insert into registro_servicio (registro_id, servicio_id, empleado_id, cliente_id, habitacion_id, fecha) values (70, 6, 46, 84, 8, '2020-03-12 01:56:21');
insert into registro_servicio (registro_id, servicio_id, empleado_id, cliente_id, habitacion_id, fecha) values (71, 1, 51, 91, 11, '2020-05-12 11:17:28');
insert into registro_servicio (registro_id, servicio_id, empleado_id, cliente_id, habitacion_id, fecha) values (72, 3, 56, 98, 14, '2019-09-18 21:00:57');
insert into registro_servicio (registro_id, servicio_id, empleado_id, cliente_id, habitacion_id, fecha) values (73, 5, 61, 105, 17, '2020-07-25 11:16:23');
insert into registro_servicio (registro_id, servicio_id, empleado_id, cliente_id, habitacion_id, fecha) values (74, 7, 66, 112, 20, '2020-08-04 09:16:16');
insert into registro_servicio (registro_id, servicio_id, empleado_id, cliente_id, habitacion_id, fecha) values (75, 2, 71, 119, 23, '2019-09-22 01:43:09');
insert into registro_servicio (registro_id, servicio_id, empleado_id, cliente_id, habitacion_id, fecha) values (76, 4, 76, 126, 26, '2020-05-28 17:47:57');
insert into registro_servicio (registro_id, servicio_id, empleado_id, cliente_id, habitacion_id, fecha) values (77, 6, 81, 133, 29, '2020-07-22 13:09:08');
insert into registro_servicio (registro_id, servicio_id, empleado_id, cliente_id, habitacion_id, fecha) values (78, 1, 86, 140, 32, '2020-02-13 12:27:11');
insert into registro_servicio (registro_id, servicio_id, empleado_id, cliente_id, habitacion_id, fecha) values (79, 3, 91, 147, 35, '2019-12-08 13:54:04');
insert into registro_servicio (registro_id, servicio_id, empleado_id, cliente_id, habitacion_id, fecha) values (80, 5, 96, 154, 38, '2020-04-08 03:22:03');
insert into registro_servicio (registro_id, servicio_id, empleado_id, cliente_id, habitacion_id, fecha) values (81, 7, 1, 161, 1, '2019-12-19 01:37:31');
insert into registro_servicio (registro_id, servicio_id, empleado_id, cliente_id, habitacion_id, fecha) values (82, 2, 6, 168, 4, '2020-01-11 06:36:18');
insert into registro_servicio (registro_id, servicio_id, empleado_id, cliente_id, habitacion_id, fecha) values (83, 4, 11, 175, 7, '2019-10-10 00:08:19');
insert into registro_servicio (registro_id, servicio_id, empleado_id, cliente_id, habitacion_id, fecha) values (84, 6, 16, 182, 10, '2019-09-27 08:59:23');
insert into registro_servicio (registro_id, servicio_id, empleado_id, cliente_id, habitacion_id, fecha) values (85, 1, 21, 189, 13, '2020-04-03 10:24:09');
insert into registro_servicio (registro_id, servicio_id, empleado_id, cliente_id, habitacion_id, fecha) values (86, 3, 26, 196, 16, '2020-06-16 12:40:20');
insert into registro_servicio (registro_id, servicio_id, empleado_id, cliente_id, habitacion_id, fecha) values (87, 5, 31, 3, 19, '2020-03-08 04:26:50');
insert into registro_servicio (registro_id, servicio_id, empleado_id, cliente_id, habitacion_id, fecha) values (88, 7, 36, 10, 22, '2020-05-21 07:40:08');
insert into registro_servicio (registro_id, servicio_id, empleado_id, cliente_id, habitacion_id, fecha) values (89, 2, 41, 17, 25, '2020-06-15 17:01:39');
insert into registro_servicio (registro_id, servicio_id, empleado_id, cliente_id, habitacion_id, fecha) values (90, 4, 46, 24, 28, '2019-10-07 09:40:12');
insert into registro_servicio (registro_id, servicio_id, empleado_id, cliente_id, habitacion_id, fecha) values (91, 6, 51, 31, 31, '2020-03-28 11:21:28');
insert into registro_servicio (registro_id, servicio_id, empleado_id, cliente_id, habitacion_id, fecha) values (92, 1, 56, 38, 34, '2020-01-02 22:16:11');
insert into registro_servicio (registro_id, servicio_id, empleado_id, cliente_id, habitacion_id, fecha) values (93, 3, 61, 45, 37, '2019-12-11 10:42:50');
insert into registro_servicio (registro_id, servicio_id, empleado_id, cliente_id, habitacion_id, fecha) values (94, 5, 66, 52, 40, '2020-05-30 03:45:12');
insert into registro_servicio (registro_id, servicio_id, empleado_id, cliente_id, habitacion_id, fecha) values (95, 7, 71, 59, 3, '2019-11-30 16:12:08');
insert into registro_servicio (registro_id, servicio_id, empleado_id, cliente_id, habitacion_id, fecha) values (96, 2, 76, 66, 6, '2020-05-10 20:21:18');
insert into registro_servicio (registro_id, servicio_id, empleado_id, cliente_id, habitacion_id, fecha) values (97, 4, 81, 73, 9, '2019-09-15 08:58:33');
insert into registro_servicio (registro_id, servicio_id, empleado_id, cliente_id, habitacion_id, fecha) values (98, 6, 86, 80, 12, '2019-12-18 22:28:05');
insert into registro_servicio (registro_id, servicio_id, empleado_id, cliente_id, habitacion_id, fecha) values (99, 1, 91, 87, 15, '2020-05-08 01:04:43');
insert into registro_servicio (registro_id, servicio_id, empleado_id, cliente_id, habitacion_id, fecha) values (100, 3, 96, 94, 18, '2019-12-07 18:03:14');
insert into registro_servicio (registro_id, servicio_id, empleado_id, cliente_id, habitacion_id, fecha) values (101, 5, 1, 101, 21, '2020-01-30 20:36:07');
insert into registro_servicio (registro_id, servicio_id, empleado_id, cliente_id, habitacion_id, fecha) values (102, 7, 6, 108, 24, '2020-06-09 22:56:21');
insert into registro_servicio (registro_id, servicio_id, empleado_id, cliente_id, habitacion_id, fecha) values (103, 2, 11, 115, 27, '2020-08-16 05:04:46');
insert into registro_servicio (registro_id, servicio_id, empleado_id, cliente_id, habitacion_id, fecha) values (104, 4, 16, 122, 30, '2020-09-04 16:24:15');
insert into registro_servicio (registro_id, servicio_id, empleado_id, cliente_id, habitacion_id, fecha) values (105, 6, 21, 129, 33, '2020-09-02 12:33:05');
insert into registro_servicio (registro_id, servicio_id, empleado_id, cliente_id, habitacion_id, fecha) values (106, 1, 26, 136, 36, '2020-09-01 12:43:53');
insert into registro_servicio (registro_id, servicio_id, empleado_id, cliente_id, habitacion_id, fecha) values (107, 3, 31, 143, 39, '2020-03-21 01:07:31');
insert into registro_servicio (registro_id, servicio_id, empleado_id, cliente_id, habitacion_id, fecha) values (108, 5, 36, 150, 2, '2020-05-14 14:44:19');
insert into registro_servicio (registro_id, servicio_id, empleado_id, cliente_id, habitacion_id, fecha) values (109, 7, 41, 157, 5, '2019-11-12 18:11:09');
insert into registro_servicio (registro_id, servicio_id, empleado_id, cliente_id, habitacion_id, fecha) values (110, 2, 46, 164, 8, '2020-05-23 05:41:11');
insert into registro_servicio (registro_id, servicio_id, empleado_id, cliente_id, habitacion_id, fecha) values (111, 4, 51, 171, 11, '2020-04-06 13:05:19');
insert into registro_servicio (registro_id, servicio_id, empleado_id, cliente_id, habitacion_id, fecha) values (112, 6, 56, 178, 14, '2020-07-11 01:47:17');
insert into registro_servicio (registro_id, servicio_id, empleado_id, cliente_id, habitacion_id, fecha) values (113, 1, 61, 185, 17, '2019-12-24 21:41:53');
insert into registro_servicio (registro_id, servicio_id, empleado_id, cliente_id, habitacion_id, fecha) values (114, 3, 66, 192, 20, '2020-03-02 01:58:08');
insert into registro_servicio (registro_id, servicio_id, empleado_id, cliente_id, habitacion_id, fecha) values (115, 5, 71, 199, 23, '2019-11-27 16:19:29');
insert into registro_servicio (registro_id, servicio_id, empleado_id, cliente_id, habitacion_id, fecha) values (116, 7, 76, 6, 26, '2020-07-26 03:21:54');
insert into registro_servicio (registro_id, servicio_id, empleado_id, cliente_id, habitacion_id, fecha) values (117, 2, 81, 13, 29, '2019-12-14 18:44:28');
insert into registro_servicio (registro_id, servicio_id, empleado_id, cliente_id, habitacion_id, fecha) values (118, 4, 86, 20, 32, '2019-12-13 01:27:29');
insert into registro_servicio (registro_id, servicio_id, empleado_id, cliente_id, habitacion_id, fecha) values (119, 6, 91, 27, 35, '2020-06-09 02:14:04');
insert into registro_servicio (registro_id, servicio_id, empleado_id, cliente_id, habitacion_id, fecha) values (120, 1, 96, 34, 38, '2020-06-23 20:19:55');
insert into registro_servicio (registro_id, servicio_id, empleado_id, cliente_id, habitacion_id, fecha) values (121, 3, 1, 41, 1, '2019-11-13 21:04:03');
insert into registro_servicio (registro_id, servicio_id, empleado_id, cliente_id, habitacion_id, fecha) values (122, 5, 6, 48, 4, '2020-09-04 13:37:06');
insert into registro_servicio (registro_id, servicio_id, empleado_id, cliente_id, habitacion_id, fecha) values (123, 7, 11, 55, 7, '2020-08-01 03:09:43');
insert into registro_servicio (registro_id, servicio_id, empleado_id, cliente_id, habitacion_id, fecha) values (124, 2, 16, 62, 10, '2019-12-10 19:23:00');
insert into registro_servicio (registro_id, servicio_id, empleado_id, cliente_id, habitacion_id, fecha) values (125, 4, 21, 69, 13, '2019-11-15 15:21:55');
insert into registro_servicio (registro_id, servicio_id, empleado_id, cliente_id, habitacion_id, fecha) values (126, 6, 26, 76, 16, '2020-07-04 02:51:46');
insert into registro_servicio (registro_id, servicio_id, empleado_id, cliente_id, habitacion_id, fecha) values (127, 1, 31, 83, 19, '2019-10-28 04:20:45');
insert into registro_servicio (registro_id, servicio_id, empleado_id, cliente_id, habitacion_id, fecha) values (128, 3, 36, 90, 22, '2020-08-02 03:19:13');
insert into registro_servicio (registro_id, servicio_id, empleado_id, cliente_id, habitacion_id, fecha) values (129, 5, 41, 97, 25, '2020-07-17 23:06:44');
insert into registro_servicio (registro_id, servicio_id, empleado_id, cliente_id, habitacion_id, fecha) values (130, 7, 46, 104, 28, '2020-01-24 21:11:53');
insert into registro_servicio (registro_id, servicio_id, empleado_id, cliente_id, habitacion_id, fecha) values (131, 2, 51, 111, 31, '2020-06-28 19:59:35');
insert into registro_servicio (registro_id, servicio_id, empleado_id, cliente_id, habitacion_id, fecha) values (132, 4, 56, 118, 34, '2020-08-22 18:45:54');
insert into registro_servicio (registro_id, servicio_id, empleado_id, cliente_id, habitacion_id, fecha) values (133, 6, 61, 125, 37, '2020-03-21 20:26:25');
insert into registro_servicio (registro_id, servicio_id, empleado_id, cliente_id, habitacion_id, fecha) values (134, 1, 66, 132, 40, '2020-02-29 13:15:41');
insert into registro_servicio (registro_id, servicio_id, empleado_id, cliente_id, habitacion_id, fecha) values (135, 3, 71, 139, 3, '2020-07-18 21:46:01');
insert into registro_servicio (registro_id, servicio_id, empleado_id, cliente_id, habitacion_id, fecha) values (136, 5, 76, 146, 6, '2020-09-02 10:53:54');
insert into registro_servicio (registro_id, servicio_id, empleado_id, cliente_id, habitacion_id, fecha) values (137, 7, 81, 153, 9, '2019-10-17 21:15:20');
insert into registro_servicio (registro_id, servicio_id, empleado_id, cliente_id, habitacion_id, fecha) values (138, 2, 86, 160, 12, '2020-04-18 15:58:51');
insert into registro_servicio (registro_id, servicio_id, empleado_id, cliente_id, habitacion_id, fecha) values (139, 4, 91, 167, 15, '2020-01-27 09:07:10');
insert into registro_servicio (registro_id, servicio_id, empleado_id, cliente_id, habitacion_id, fecha) values (140, 6, 96, 174, 18, '2020-05-07 00:09:04');
insert into registro_servicio (registro_id, servicio_id, empleado_id, cliente_id, habitacion_id, fecha) values (141, 1, 1, 181, 21, '2020-08-21 10:29:09');
insert into registro_servicio (registro_id, servicio_id, empleado_id, cliente_id, habitacion_id, fecha) values (142, 3, 6, 188, 24, '2019-09-11 14:10:31');
insert into registro_servicio (registro_id, servicio_id, empleado_id, cliente_id, habitacion_id, fecha) values (143, 5, 11, 195, 27, '2019-10-30 03:16:12');
insert into registro_servicio (registro_id, servicio_id, empleado_id, cliente_id, habitacion_id, fecha) values (144, 7, 16, 2, 30, '2020-06-12 15:00:26');
insert into registro_servicio (registro_id, servicio_id, empleado_id, cliente_id, habitacion_id, fecha) values (145, 2, 21, 9, 33, '2020-02-24 14:02:12');
insert into registro_servicio (registro_id, servicio_id, empleado_id, cliente_id, habitacion_id, fecha) values (146, 4, 26, 16, 36, '2020-04-14 21:09:23');
insert into registro_servicio (registro_id, servicio_id, empleado_id, cliente_id, habitacion_id, fecha) values (147, 6, 31, 23, 39, '2020-08-29 04:50:48');
insert into registro_servicio (registro_id, servicio_id, empleado_id, cliente_id, habitacion_id, fecha) values (148, 1, 36, 30, 2, '2020-03-24 08:09:18');
insert into registro_servicio (registro_id, servicio_id, empleado_id, cliente_id, habitacion_id, fecha) values (149, 3, 41, 37, 5, '2019-11-13 20:35:38');
insert into registro_servicio (registro_id, servicio_id, empleado_id, cliente_id, habitacion_id, fecha) values (150, 5, 46, 44, 8, '2019-11-10 18:22:33');
insert into registro_servicio (registro_id, servicio_id, empleado_id, cliente_id, habitacion_id, fecha) values (151, 7, 51, 51, 11, '2019-11-11 12:12:24');
insert into registro_servicio (registro_id, servicio_id, empleado_id, cliente_id, habitacion_id, fecha) values (152, 2, 56, 58, 14, '2020-01-22 03:08:11');
insert into registro_servicio (registro_id, servicio_id, empleado_id, cliente_id, habitacion_id, fecha) values (153, 4, 61, 65, 17, '2020-02-29 09:45:17');
insert into registro_servicio (registro_id, servicio_id, empleado_id, cliente_id, habitacion_id, fecha) values (154, 6, 66, 72, 20, '2020-06-16 02:05:12');
insert into registro_servicio (registro_id, servicio_id, empleado_id, cliente_id, habitacion_id, fecha) values (155, 1, 71, 79, 23, '2019-10-23 02:06:13');
insert into registro_servicio (registro_id, servicio_id, empleado_id, cliente_id, habitacion_id, fecha) values (156, 3, 76, 86, 26, '2019-11-29 22:40:28');
insert into registro_servicio (registro_id, servicio_id, empleado_id, cliente_id, habitacion_id, fecha) values (157, 5, 81, 93, 29, '2020-08-15 03:35:10');
insert into registro_servicio (registro_id, servicio_id, empleado_id, cliente_id, habitacion_id, fecha) values (158, 7, 86, 100, 32, '2020-03-27 10:15:39');
insert into registro_servicio (registro_id, servicio_id, empleado_id, cliente_id, habitacion_id, fecha) values (159, 2, 91, 107, 35, '2020-05-19 12:52:50');
insert into registro_servicio (registro_id, servicio_id, empleado_id, cliente_id, habitacion_id, fecha) values (160, 4, 96, 114, 38, '2020-04-28 02:42:26');
insert into registro_servicio (registro_id, servicio_id, empleado_id, cliente_id, habitacion_id, fecha) values (161, 6, 1, 121, 1, '2019-12-26 18:55:15');
insert into registro_servicio (registro_id, servicio_id, empleado_id, cliente_id, habitacion_id, fecha) values (162, 1, 6, 128, 4, '2020-07-09 23:23:42');
insert into registro_servicio (registro_id, servicio_id, empleado_id, cliente_id, habitacion_id, fecha) values (163, 3, 11, 135, 7, '2019-09-24 03:00:16');
insert into registro_servicio (registro_id, servicio_id, empleado_id, cliente_id, habitacion_id, fecha) values (164, 5, 16, 142, 10, '2020-07-12 11:47:50');
insert into registro_servicio (registro_id, servicio_id, empleado_id, cliente_id, habitacion_id, fecha) values (165, 7, 21, 149, 13, '2020-07-18 14:11:39');
insert into registro_servicio (registro_id, servicio_id, empleado_id, cliente_id, habitacion_id, fecha) values (166, 2, 26, 156, 16, '2020-06-29 03:02:18');
insert into registro_servicio (registro_id, servicio_id, empleado_id, cliente_id, habitacion_id, fecha) values (167, 4, 31, 163, 19, '2020-08-05 14:26:34');
insert into registro_servicio (registro_id, servicio_id, empleado_id, cliente_id, habitacion_id, fecha) values (168, 6, 36, 170, 22, '2019-10-28 16:26:31');
insert into registro_servicio (registro_id, servicio_id, empleado_id, cliente_id, habitacion_id, fecha) values (169, 1, 41, 177, 25, '2020-05-27 21:43:30');
insert into registro_servicio (registro_id, servicio_id, empleado_id, cliente_id, habitacion_id, fecha) values (170, 3, 46, 184, 28, '2020-06-24 01:24:07');
insert into registro_servicio (registro_id, servicio_id, empleado_id, cliente_id, habitacion_id, fecha) values (171, 5, 51, 191, 31, '2020-06-12 20:10:57');
insert into registro_servicio (registro_id, servicio_id, empleado_id, cliente_id, habitacion_id, fecha) values (172, 7, 56, 198, 34, '2020-02-18 00:39:41');
insert into registro_servicio (registro_id, servicio_id, empleado_id, cliente_id, habitacion_id, fecha) values (173, 2, 61, 5, 37, '2020-04-01 15:56:43');
insert into registro_servicio (registro_id, servicio_id, empleado_id, cliente_id, habitacion_id, fecha) values (174, 4, 66, 12, 40, '2020-01-27 04:42:49');
insert into registro_servicio (registro_id, servicio_id, empleado_id, cliente_id, habitacion_id, fecha) values (175, 6, 71, 19, 3, '2020-03-19 07:07:27');
insert into registro_servicio (registro_id, servicio_id, empleado_id, cliente_id, habitacion_id, fecha) values (176, 1, 76, 26, 6, '2019-12-15 10:02:44');
insert into registro_servicio (registro_id, servicio_id, empleado_id, cliente_id, habitacion_id, fecha) values (177, 3, 81, 33, 9, '2020-02-14 10:45:38');
insert into registro_servicio (registro_id, servicio_id, empleado_id, cliente_id, habitacion_id, fecha) values (178, 5, 86, 40, 12, '2019-10-26 07:34:04');
insert into registro_servicio (registro_id, servicio_id, empleado_id, cliente_id, habitacion_id, fecha) values (179, 7, 91, 47, 15, '2020-08-29 08:58:25');
insert into registro_servicio (registro_id, servicio_id, empleado_id, cliente_id, habitacion_id, fecha) values (180, 2, 96, 54, 18, '2020-03-26 02:18:15');
insert into registro_servicio (registro_id, servicio_id, empleado_id, cliente_id, habitacion_id, fecha) values (181, 4, 1, 61, 21, '2020-04-24 14:47:45');
insert into registro_servicio (registro_id, servicio_id, empleado_id, cliente_id, habitacion_id, fecha) values (182, 6, 6, 68, 24, '2020-07-10 07:27:38');
insert into registro_servicio (registro_id, servicio_id, empleado_id, cliente_id, habitacion_id, fecha) values (183, 1, 11, 75, 27, '2020-07-27 01:33:15');
insert into registro_servicio (registro_id, servicio_id, empleado_id, cliente_id, habitacion_id, fecha) values (184, 3, 16, 82, 30, '2020-04-11 00:59:40');
insert into registro_servicio (registro_id, servicio_id, empleado_id, cliente_id, habitacion_id, fecha) values (185, 5, 21, 89, 33, '2020-04-07 12:42:19');
insert into registro_servicio (registro_id, servicio_id, empleado_id, cliente_id, habitacion_id, fecha) values (186, 7, 26, 96, 36, '2020-07-13 12:34:28');
insert into registro_servicio (registro_id, servicio_id, empleado_id, cliente_id, habitacion_id, fecha) values (187, 2, 31, 103, 39, '2020-04-28 18:33:32');
insert into registro_servicio (registro_id, servicio_id, empleado_id, cliente_id, habitacion_id, fecha) values (188, 4, 36, 110, 2, '2020-08-25 12:32:31');
insert into registro_servicio (registro_id, servicio_id, empleado_id, cliente_id, habitacion_id, fecha) values (189, 6, 41, 117, 5, '2020-03-10 00:13:13');
insert into registro_servicio (registro_id, servicio_id, empleado_id, cliente_id, habitacion_id, fecha) values (190, 1, 46, 124, 8, '2020-02-16 00:29:08');
insert into registro_servicio (registro_id, servicio_id, empleado_id, cliente_id, habitacion_id, fecha) values (191, 3, 51, 131, 11, '2020-06-02 14:52:28');
insert into registro_servicio (registro_id, servicio_id, empleado_id, cliente_id, habitacion_id, fecha) values (192, 5, 56, 138, 14, '2020-03-12 16:54:08');
insert into registro_servicio (registro_id, servicio_id, empleado_id, cliente_id, habitacion_id, fecha) values (193, 7, 61, 145, 17, '2020-07-18 05:12:33');
insert into registro_servicio (registro_id, servicio_id, empleado_id, cliente_id, habitacion_id, fecha) values (194, 2, 66, 152, 20, '2020-03-20 06:54:21');
insert into registro_servicio (registro_id, servicio_id, empleado_id, cliente_id, habitacion_id, fecha) values (195, 4, 71, 159, 23, '2020-08-22 17:49:48');
insert into registro_servicio (registro_id, servicio_id, empleado_id, cliente_id, habitacion_id, fecha) values (196, 6, 76, 166, 26, '2019-10-13 13:04:44');
insert into registro_servicio (registro_id, servicio_id, empleado_id, cliente_id, habitacion_id, fecha) values (197, 1, 81, 173, 29, '2020-08-08 03:43:22');
insert into registro_servicio (registro_id, servicio_id, empleado_id, cliente_id, habitacion_id, fecha) values (198, 3, 86, 180, 32, '2019-11-26 23:55:24');
insert into registro_servicio (registro_id, servicio_id, empleado_id, cliente_id, habitacion_id, fecha) values (199, 5, 91, 187, 35, '2019-10-08 10:16:33');
insert into registro_servicio (registro_id, servicio_id, empleado_id, cliente_id, habitacion_id, fecha) values (200, 7, 96, 194, 38, '2020-01-17 20:26:37');
insert into registro_servicio (registro_id, servicio_id, empleado_id, cliente_id, habitacion_id, fecha) values (201, 2, 1, 1, 1, '2019-10-23 18:56:05');
insert into registro_servicio (registro_id, servicio_id, empleado_id, cliente_id, habitacion_id, fecha) values (202, 4, 6, 8, 4, '2020-06-06 10:50:03');
insert into registro_servicio (registro_id, servicio_id, empleado_id, cliente_id, habitacion_id, fecha) values (203, 6, 11, 15, 7, '2020-07-26 00:01:15');
insert into registro_servicio (registro_id, servicio_id, empleado_id, cliente_id, habitacion_id, fecha) values (204, 1, 16, 22, 10, '2020-05-11 22:36:54');
insert into registro_servicio (registro_id, servicio_id, empleado_id, cliente_id, habitacion_id, fecha) values (205, 3, 21, 29, 13, '2019-11-16 05:20:03');
insert into registro_servicio (registro_id, servicio_id, empleado_id, cliente_id, habitacion_id, fecha) values (206, 5, 26, 36, 16, '2020-07-23 03:20:02');
insert into registro_servicio (registro_id, servicio_id, empleado_id, cliente_id, habitacion_id, fecha) values (207, 7, 31, 43, 19, '2020-01-24 00:15:09');
insert into registro_servicio (registro_id, servicio_id, empleado_id, cliente_id, habitacion_id, fecha) values (208, 2, 36, 50, 22, '2020-02-19 12:53:18');
insert into registro_servicio (registro_id, servicio_id, empleado_id, cliente_id, habitacion_id, fecha) values (209, 4, 41, 57, 25, '2020-08-04 23:12:05');
insert into registro_servicio (registro_id, servicio_id, empleado_id, cliente_id, habitacion_id, fecha) values (210, 6, 46, 64, 28, '2020-02-12 19:53:45');
insert into registro_servicio (registro_id, servicio_id, empleado_id, cliente_id, habitacion_id, fecha) values (211, 1, 51, 71, 31, '2020-01-01 20:28:50');
insert into registro_servicio (registro_id, servicio_id, empleado_id, cliente_id, habitacion_id, fecha) values (212, 3, 56, 78, 34, '2019-09-21 11:59:01');
insert into registro_servicio (registro_id, servicio_id, empleado_id, cliente_id, habitacion_id, fecha) values (213, 5, 61, 85, 37, '2019-10-01 10:58:14');
insert into registro_servicio (registro_id, servicio_id, empleado_id, cliente_id, habitacion_id, fecha) values (214, 7, 66, 92, 40, '2020-04-19 08:55:00');
insert into registro_servicio (registro_id, servicio_id, empleado_id, cliente_id, habitacion_id, fecha) values (215, 2, 71, 99, 3, '2020-08-29 19:19:05');
insert into registro_servicio (registro_id, servicio_id, empleado_id, cliente_id, habitacion_id, fecha) values (216, 4, 76, 106, 6, '2020-05-16 09:12:39');
insert into registro_servicio (registro_id, servicio_id, empleado_id, cliente_id, habitacion_id, fecha) values (217, 6, 81, 113, 9, '2020-04-11 10:38:53');
insert into registro_servicio (registro_id, servicio_id, empleado_id, cliente_id, habitacion_id, fecha) values (218, 1, 86, 120, 12, '2020-08-26 14:12:39');
insert into registro_servicio (registro_id, servicio_id, empleado_id, cliente_id, habitacion_id, fecha) values (219, 3, 91, 127, 15, '2019-11-11 19:34:42');
insert into registro_servicio (registro_id, servicio_id, empleado_id, cliente_id, habitacion_id, fecha) values (220, 5, 96, 134, 18, '2019-12-12 10:17:54');
insert into registro_servicio (registro_id, servicio_id, empleado_id, cliente_id, habitacion_id, fecha) values (221, 7, 1, 141, 21, '2020-03-22 08:02:33');
insert into registro_servicio (registro_id, servicio_id, empleado_id, cliente_id, habitacion_id, fecha) values (222, 2, 6, 148, 24, '2020-01-03 04:11:34');
insert into registro_servicio (registro_id, servicio_id, empleado_id, cliente_id, habitacion_id, fecha) values (223, 4, 11, 155, 27, '2020-08-14 21:46:28');
insert into registro_servicio (registro_id, servicio_id, empleado_id, cliente_id, habitacion_id, fecha) values (224, 6, 16, 162, 30, '2020-03-28 17:20:52');
insert into registro_servicio (registro_id, servicio_id, empleado_id, cliente_id, habitacion_id, fecha) values (225, 1, 21, 169, 33, '2019-11-27 19:48:59');
insert into registro_servicio (registro_id, servicio_id, empleado_id, cliente_id, habitacion_id, fecha) values (226, 3, 26, 176, 36, '2019-11-21 15:03:26');
insert into registro_servicio (registro_id, servicio_id, empleado_id, cliente_id, habitacion_id, fecha) values (227, 5, 31, 183, 39, '2020-07-05 07:43:13');
insert into registro_servicio (registro_id, servicio_id, empleado_id, cliente_id, habitacion_id, fecha) values (228, 7, 36, 190, 2, '2020-05-22 11:57:17');
insert into registro_servicio (registro_id, servicio_id, empleado_id, cliente_id, habitacion_id, fecha) values (229, 2, 41, 197, 5, '2020-05-28 07:31:13');
insert into registro_servicio (registro_id, servicio_id, empleado_id, cliente_id, habitacion_id, fecha) values (230, 4, 46, 4, 8, '2019-12-24 19:10:49');
insert into registro_servicio (registro_id, servicio_id, empleado_id, cliente_id, habitacion_id, fecha) values (231, 6, 51, 11, 11, '2020-01-22 08:58:00');
insert into registro_servicio (registro_id, servicio_id, empleado_id, cliente_id, habitacion_id, fecha) values (232, 1, 56, 18, 14, '2019-12-01 13:05:38');
insert into registro_servicio (registro_id, servicio_id, empleado_id, cliente_id, habitacion_id, fecha) values (233, 3, 61, 25, 17, '2020-07-17 10:02:06');
insert into registro_servicio (registro_id, servicio_id, empleado_id, cliente_id, habitacion_id, fecha) values (234, 5, 66, 32, 20, '2020-07-26 04:33:08');
insert into registro_servicio (registro_id, servicio_id, empleado_id, cliente_id, habitacion_id, fecha) values (235, 7, 71, 39, 23, '2020-05-16 20:29:45');
insert into registro_servicio (registro_id, servicio_id, empleado_id, cliente_id, habitacion_id, fecha) values (236, 2, 76, 46, 26, '2020-02-23 12:45:15');
insert into registro_servicio (registro_id, servicio_id, empleado_id, cliente_id, habitacion_id, fecha) values (237, 4, 81, 53, 29, '2020-03-09 01:03:24');
insert into registro_servicio (registro_id, servicio_id, empleado_id, cliente_id, habitacion_id, fecha) values (238, 6, 86, 60, 32, '2019-10-23 12:03:06');
insert into registro_servicio (registro_id, servicio_id, empleado_id, cliente_id, habitacion_id, fecha) values (239, 1, 91, 67, 35, '2019-12-17 12:16:27');
insert into registro_servicio (registro_id, servicio_id, empleado_id, cliente_id, habitacion_id, fecha) values (240, 3, 96, 74, 38, '2020-04-28 00:11:20');
insert into registro_servicio (registro_id, servicio_id, empleado_id, cliente_id, habitacion_id, fecha) values (241, 5, 1, 81, 1, '2020-05-27 15:49:32');
insert into registro_servicio (registro_id, servicio_id, empleado_id, cliente_id, habitacion_id, fecha) values (242, 7, 6, 88, 4, '2020-04-19 19:32:44');
insert into registro_servicio (registro_id, servicio_id, empleado_id, cliente_id, habitacion_id, fecha) values (243, 2, 11, 95, 7, '2020-01-23 00:29:11');
insert into registro_servicio (registro_id, servicio_id, empleado_id, cliente_id, habitacion_id, fecha) values (244, 4, 16, 102, 10, '2020-08-14 15:39:36');
insert into registro_servicio (registro_id, servicio_id, empleado_id, cliente_id, habitacion_id, fecha) values (245, 6, 21, 109, 13, '2020-02-17 01:22:58');
insert into registro_servicio (registro_id, servicio_id, empleado_id, cliente_id, habitacion_id, fecha) values (246, 1, 26, 116, 16, '2019-12-08 14:10:44');
insert into registro_servicio (registro_id, servicio_id, empleado_id, cliente_id, habitacion_id, fecha) values (247, 3, 31, 123, 19, '2020-05-22 09:38:29');
insert into registro_servicio (registro_id, servicio_id, empleado_id, cliente_id, habitacion_id, fecha) values (248, 5, 36, 130, 22, '2020-03-08 13:58:49');
insert into registro_servicio (registro_id, servicio_id, empleado_id, cliente_id, habitacion_id, fecha) values (249, 7, 41, 137, 25, '2020-03-09 07:14:56');
insert into registro_servicio (registro_id, servicio_id, empleado_id, cliente_id, habitacion_id, fecha) values (250, 2, 46, 144, 28, '2019-10-29 09:05:15');

--******************************************************************************************************************************************

insert into estado_reserva (estado_reserva_id, estado, fecha_inicio, fecha_fin) values (1, 'Confirmada', '2019-12-01 19:08:56', '2019-10-14 10:58:36');
insert into estado_reserva (estado_reserva_id, estado, fecha_inicio, fecha_fin) values (2, 'Pendiente', '2020-01-23 03:52:00', '2019-11-07 04:33:33');
insert into estado_reserva (estado_reserva_id, estado, fecha_inicio, fecha_fin) values (3, 'Confirmada', '2020-02-21 12:05:02', '2019-11-17 22:07:38');
insert into estado_reserva (estado_reserva_id, estado, fecha_inicio, fecha_fin) values (4, 'Pendiente', '2020-01-25 09:10:08', '2020-02-29 20:21:16');
insert into estado_reserva (estado_reserva_id, estado, fecha_inicio, fecha_fin) values (5, 'Confirmada', '2019-09-08 16:11:30', '2020-09-05 08:33:19');
insert into estado_reserva (estado_reserva_id, estado, fecha_inicio, fecha_fin) values (6, 'Pendiente', '2020-06-01 23:09:56', '2020-03-19 20:15:19');
insert into estado_reserva (estado_reserva_id, estado, fecha_inicio, fecha_fin) values (7, 'Confirmada', '2019-09-23 15:48:30', '2020-02-02 03:47:38');
insert into estado_reserva (estado_reserva_id, estado, fecha_inicio, fecha_fin) values (8, 'Pendiente', '2020-03-28 07:22:48', '2019-10-21 13:34:55');
insert into estado_reserva (estado_reserva_id, estado, fecha_inicio, fecha_fin) values (9, 'Confirmada', '2020-01-13 08:38:27', '2020-06-07 15:22:10');
insert into estado_reserva (estado_reserva_id, estado, fecha_inicio, fecha_fin) values (10, 'Confirmada', '2020-06-10 11:53:18', '2020-06-19 16:53:56');
insert into estado_reserva (estado_reserva_id, estado, fecha_inicio, fecha_fin) values (11, 'Pendiente', '2020-04-16 15:14:13', '2020-01-25 23:53:55');
insert into estado_reserva (estado_reserva_id, estado, fecha_inicio, fecha_fin) values (12, 'Confirmada', '2020-04-03 23:29:01', '2020-02-16 06:00:05');
insert into estado_reserva (estado_reserva_id, estado, fecha_inicio, fecha_fin) values (13, 'Confirmada', '2020-06-19 21:00:31', '2020-08-03 14:42:18');
insert into estado_reserva (estado_reserva_id, estado, fecha_inicio, fecha_fin) values (14, 'Pendiente', '2020-06-23 18:49:22', '2020-01-06 08:15:19');
insert into estado_reserva (estado_reserva_id, estado, fecha_inicio, fecha_fin) values (15, 'Confirmada', '2020-07-26 23:59:57', '2019-12-06 05:24:18');
insert into estado_reserva (estado_reserva_id, estado, fecha_inicio, fecha_fin) values (16, 'Confirmada', '2020-08-09 03:08:16', '2019-09-10 14:29:53');
insert into estado_reserva (estado_reserva_id, estado, fecha_inicio, fecha_fin) values (17, 'Pendiente', '2020-07-29 18:46:48', '2020-08-07 07:19:22');
insert into estado_reserva (estado_reserva_id, estado, fecha_inicio, fecha_fin) values (18, 'Confirmada', '2020-05-28 14:58:00', '2020-02-05 16:42:25');
insert into estado_reserva (estado_reserva_id, estado, fecha_inicio, fecha_fin) values (19, 'Pendiente', '2020-03-02 17:03:54', '2019-10-14 14:39:21');
insert into estado_reserva (estado_reserva_id, estado, fecha_inicio, fecha_fin) values (20, 'Confirmada', '2020-03-28 18:20:48', '2020-07-10 11:25:01');
insert into estado_reserva (estado_reserva_id, estado, fecha_inicio, fecha_fin) values (21, 'Pendiente', '2020-08-06 19:27:30', '2020-03-08 15:06:44');
insert into estado_reserva (estado_reserva_id, estado, fecha_inicio, fecha_fin) values (22, 'Confirmada', '2020-01-07 23:04:54', '2020-03-04 00:25:56');
insert into estado_reserva (estado_reserva_id, estado, fecha_inicio, fecha_fin) values (23, 'Confirmada', '2020-06-25 01:17:32', '2020-05-01 22:09:00');
insert into estado_reserva (estado_reserva_id, estado, fecha_inicio, fecha_fin) values (24, 'Pendiente', '2019-09-23 03:32:04', '2020-04-29 21:27:33');
insert into estado_reserva (estado_reserva_id, estado, fecha_inicio, fecha_fin) values (25, 'Confirmada', '2019-12-24 16:45:45', '2020-01-18 03:39:22');
insert into estado_reserva (estado_reserva_id, estado, fecha_inicio, fecha_fin) values (26, 'Confirmada', '2019-11-05 08:14:53', '2020-09-03 12:43:32');
insert into estado_reserva (estado_reserva_id, estado, fecha_inicio, fecha_fin) values (27, 'Confirmada', '2020-04-30 23:13:05', '2019-09-22 05:57:51');
insert into estado_reserva (estado_reserva_id, estado, fecha_inicio, fecha_fin) values (28, 'Pendiente', '2020-08-23 11:30:25', '2020-07-30 15:35:01');
insert into estado_reserva (estado_reserva_id, estado, fecha_inicio, fecha_fin) values (29, 'Confirmada', '2019-12-14 22:16:13', '2019-11-08 13:23:09');
insert into estado_reserva (estado_reserva_id, estado, fecha_inicio, fecha_fin) values (30, 'Pendiente', '2019-09-21 14:23:13', '2019-09-24 07:45:07');
insert into estado_reserva (estado_reserva_id, estado, fecha_inicio, fecha_fin) values (31, 'Confirmada', '2019-11-20 22:25:28', '2020-05-19 04:45:22');
insert into estado_reserva (estado_reserva_id, estado, fecha_inicio, fecha_fin) values (32, 'Pendiente', '2020-02-16 14:12:51', '2020-05-26 15:45:37');
insert into estado_reserva (estado_reserva_id, estado, fecha_inicio, fecha_fin) values (33, 'Confirmada', '2020-05-01 01:56:55', '2019-11-17 09:40:02');
insert into estado_reserva (estado_reserva_id, estado, fecha_inicio, fecha_fin) values (34, 'Pendiente', '2020-05-16 07:11:22', '2019-10-09 23:56:03');
insert into estado_reserva (estado_reserva_id, estado, fecha_inicio, fecha_fin) values (35, 'Confirmada', '2020-05-11 12:05:05', '2020-03-13 14:53:51');
insert into estado_reserva (estado_reserva_id, estado, fecha_inicio, fecha_fin) values (36, 'Confirmada', '2020-03-07 03:25:07', '2020-05-01 00:25:32');
insert into estado_reserva (estado_reserva_id, estado, fecha_inicio, fecha_fin) values (37, 'Pendiente', '2020-01-08 14:53:18', '2020-03-10 02:41:27');
insert into estado_reserva (estado_reserva_id, estado, fecha_inicio, fecha_fin) values (38, 'Confirmada', '2020-06-18 05:44:45', '2020-02-04 09:05:02');
insert into estado_reserva (estado_reserva_id, estado, fecha_inicio, fecha_fin) values (39, 'Pendiente', '2020-06-06 18:13:56', '2020-07-26 02:30:59');
insert into estado_reserva (estado_reserva_id, estado, fecha_inicio, fecha_fin) values (40, 'Confirmada', '2019-10-17 21:41:35', '2020-05-04 02:36:37');
insert into estado_reserva (estado_reserva_id, estado, fecha_inicio, fecha_fin) values (41, 'Pendiente', '2019-09-09 13:29:02', '2019-11-29 18:12:41');
insert into estado_reserva (estado_reserva_id, estado, fecha_inicio, fecha_fin) values (42, 'Confirmada', '2020-08-09 12:41:25', '2020-04-03 09:31:17');
insert into estado_reserva (estado_reserva_id, estado, fecha_inicio, fecha_fin) values (43, 'Pendiente', '2020-05-09 04:08:43', '2019-11-02 01:06:27');
insert into estado_reserva (estado_reserva_id, estado, fecha_inicio, fecha_fin) values (44, 'Confirmada', '2019-09-17 02:15:08', '2020-06-01 09:35:09');
insert into estado_reserva (estado_reserva_id, estado, fecha_inicio, fecha_fin) values (45, 'Pendiente', '2020-08-27 09:53:01', '2019-09-16 13:31:38');
insert into estado_reserva (estado_reserva_id, estado, fecha_inicio, fecha_fin) values (46, 'Confirmada', '2020-08-07 13:12:36', '2020-08-15 22:16:36');
insert into estado_reserva (estado_reserva_id, estado, fecha_inicio, fecha_fin) values (47, 'Pendiente', '2020-02-15 14:36:38', '2019-11-10 11:22:30');
insert into estado_reserva (estado_reserva_id, estado, fecha_inicio, fecha_fin) values (48, 'Pendiente', '2020-08-06 06:27:16', '2020-04-27 01:33:04');
insert into estado_reserva (estado_reserva_id, estado, fecha_inicio, fecha_fin) values (49, 'Confirmada', '2020-01-21 13:19:12', '2019-12-18 07:50:59');
insert into estado_reserva (estado_reserva_id, estado, fecha_inicio, fecha_fin) values (50, 'Confirmada', '2020-03-12 12:40:44', '2019-10-13 12:14:20');
insert into estado_reserva (estado_reserva_id, estado, fecha_inicio, fecha_fin) values (51, 'Pendiente', '2020-05-10 14:49:21', '2020-08-29 13:39:10');
insert into estado_reserva (estado_reserva_id, estado, fecha_inicio, fecha_fin) values (52, 'Confirmada', '2019-11-27 00:37:20', '2020-07-18 00:25:14');
insert into estado_reserva (estado_reserva_id, estado, fecha_inicio, fecha_fin) values (53, 'Pendiente', '2020-04-16 15:43:06', '2020-03-02 20:43:41');
insert into estado_reserva (estado_reserva_id, estado, fecha_inicio, fecha_fin) values (54, 'Confirmada', '2019-11-24 09:26:37', '2020-03-25 16:29:17');
insert into estado_reserva (estado_reserva_id, estado, fecha_inicio, fecha_fin) values (55, 'Pendiente', '2019-11-26 09:27:36', '2020-08-11 18:22:37');
insert into estado_reserva (estado_reserva_id, estado, fecha_inicio, fecha_fin) values (56, 'Confirmada', '2020-01-14 14:00:24', '2020-07-09 04:02:26');
insert into estado_reserva (estado_reserva_id, estado, fecha_inicio, fecha_fin) values (57, 'Pendiente', '2020-03-13 01:49:47', '2019-12-10 14:54:24');
insert into estado_reserva (estado_reserva_id, estado, fecha_inicio, fecha_fin) values (58, 'Pendiente', '2020-04-24 06:57:24', '2019-09-15 06:04:06');
insert into estado_reserva (estado_reserva_id, estado, fecha_inicio, fecha_fin) values (59, 'Confirmada', '2019-09-08 19:54:41', '2019-11-10 14:49:15');
insert into estado_reserva (estado_reserva_id, estado, fecha_inicio, fecha_fin) values (60, 'Pendiente', '2020-04-05 05:00:43', '2019-09-13 06:06:09');
insert into estado_reserva (estado_reserva_id, estado, fecha_inicio, fecha_fin) values (61, 'Confirmada', '2020-08-26 13:18:20', '2020-06-11 05:12:22');
insert into estado_reserva (estado_reserva_id, estado, fecha_inicio, fecha_fin) values (62, 'Pendiente', '2020-06-20 21:57:11', '2019-12-20 14:16:30');
insert into estado_reserva (estado_reserva_id, estado, fecha_inicio, fecha_fin) values (63, 'Confirmada', '2020-08-25 00:16:01', '2020-07-22 08:38:04');
insert into estado_reserva (estado_reserva_id, estado, fecha_inicio, fecha_fin) values (64, 'Pendiente', '2020-02-02 18:42:23', '2020-02-22 05:22:18');
insert into estado_reserva (estado_reserva_id, estado, fecha_inicio, fecha_fin) values (65, 'Confirmada', '2019-10-17 19:49:16', '2019-09-23 17:35:14');
insert into estado_reserva (estado_reserva_id, estado, fecha_inicio, fecha_fin) values (66, 'Pendiente', '2020-09-05 15:21:24', '2020-06-13 16:27:30');
insert into estado_reserva (estado_reserva_id, estado, fecha_inicio, fecha_fin) values (67, 'Confirmada', '2020-03-27 17:30:08', '2020-07-03 17:31:09');
insert into estado_reserva (estado_reserva_id, estado, fecha_inicio, fecha_fin) values (68, 'Confirmada', '2019-09-08 05:22:53', '2020-06-13 18:41:00');
insert into estado_reserva (estado_reserva_id, estado, fecha_inicio, fecha_fin) values (69, 'Pendiente', '2020-03-07 23:25:58', '2019-12-19 09:39:31');
insert into estado_reserva (estado_reserva_id, estado, fecha_inicio, fecha_fin) values (70, 'Confirmada', '2020-08-02 02:42:35', '2019-12-20 15:26:09');
insert into estado_reserva (estado_reserva_id, estado, fecha_inicio, fecha_fin) values (71, 'Confirmada', '2020-06-06 22:14:19', '2020-03-13 07:30:48');
insert into estado_reserva (estado_reserva_id, estado, fecha_inicio, fecha_fin) values (72, 'Confirmada', '2020-03-16 07:21:19', '2020-07-15 12:22:54');
insert into estado_reserva (estado_reserva_id, estado, fecha_inicio, fecha_fin) values (73, 'Pendiente', '2019-09-07 17:33:52', '2019-09-26 08:01:28');
insert into estado_reserva (estado_reserva_id, estado, fecha_inicio, fecha_fin) values (74, 'Confirmada', '2019-09-30 22:37:25', '2020-06-07 23:17:54');
insert into estado_reserva (estado_reserva_id, estado, fecha_inicio, fecha_fin) values (75, 'Pendiente', '2020-07-29 06:41:59', '2020-07-15 00:35:37');
insert into estado_reserva (estado_reserva_id, estado, fecha_inicio, fecha_fin) values (76, 'Confirmada', '2020-05-14 04:04:15', '2020-03-26 09:40:13');
insert into estado_reserva (estado_reserva_id, estado, fecha_inicio, fecha_fin) values (77, 'Pendiente', '2020-02-29 20:56:08', '2020-07-19 05:32:25');
insert into estado_reserva (estado_reserva_id, estado, fecha_inicio, fecha_fin) values (78, 'Pendiente', '2019-09-12 05:24:42', '2020-05-13 23:31:30');
insert into estado_reserva (estado_reserva_id, estado, fecha_inicio, fecha_fin) values (79, 'Confirmada', '2020-01-29 12:17:59', '2020-04-09 17:00:04');
insert into estado_reserva (estado_reserva_id, estado, fecha_inicio, fecha_fin) values (80, 'Pendiente', '2019-11-18 19:28:44', '2019-11-27 18:49:44');
insert into estado_reserva (estado_reserva_id, estado, fecha_inicio, fecha_fin) values (81, 'Pendiente', '2020-07-27 07:21:15', '2020-04-18 09:47:05');
insert into estado_reserva (estado_reserva_id, estado, fecha_inicio, fecha_fin) values (82, 'Confirmada', '2020-01-29 17:42:59', '2019-12-17 04:09:57');
insert into estado_reserva (estado_reserva_id, estado, fecha_inicio, fecha_fin) values (83, 'Pendiente', '2020-01-07 16:42:09', '2019-09-19 17:29:25');
insert into estado_reserva (estado_reserva_id, estado, fecha_inicio, fecha_fin) values (84, 'Confirmada', '2019-11-08 19:19:52', '2019-10-09 09:22:43');
insert into estado_reserva (estado_reserva_id, estado, fecha_inicio, fecha_fin) values (85, 'Pendiente', '2020-07-11 01:16:00', '2019-12-06 00:08:05');
insert into estado_reserva (estado_reserva_id, estado, fecha_inicio, fecha_fin) values (86, 'Confirmada', '2020-05-22 14:55:35', '2020-08-25 09:56:05');
insert into estado_reserva (estado_reserva_id, estado, fecha_inicio, fecha_fin) values (87, 'Pendiente', '2019-12-25 08:46:25', '2019-11-20 23:15:21');
insert into estado_reserva (estado_reserva_id, estado, fecha_inicio, fecha_fin) values (88, 'Confirmada', '2019-10-18 02:36:20', '2020-03-06 22:51:04');
insert into estado_reserva (estado_reserva_id, estado, fecha_inicio, fecha_fin) values (89, 'Pendiente', '2020-05-04 21:03:35', '2020-07-19 15:35:18');
insert into estado_reserva (estado_reserva_id, estado, fecha_inicio, fecha_fin) values (90, 'Pendiente', '2020-05-06 21:07:40', '2020-08-20 12:31:11');
insert into estado_reserva (estado_reserva_id, estado, fecha_inicio, fecha_fin) values (91, 'Confirmada', '2019-11-07 09:16:35', '2020-03-13 05:47:28');
insert into estado_reserva (estado_reserva_id, estado, fecha_inicio, fecha_fin) values (92, 'Confirmada', '2020-07-06 08:05:16', '2019-09-08 14:42:11');
insert into estado_reserva (estado_reserva_id, estado, fecha_inicio, fecha_fin) values (93, 'Pendiente', '2020-02-16 10:58:24', '2020-04-08 15:11:11');
insert into estado_reserva (estado_reserva_id, estado, fecha_inicio, fecha_fin) values (94, 'Pendiente', '2020-05-10 09:11:41', '2019-09-26 09:32:58');
insert into estado_reserva (estado_reserva_id, estado, fecha_inicio, fecha_fin) values (95, 'Confirmada', '2019-11-05 21:54:31', '2020-02-29 08:45:39');
insert into estado_reserva (estado_reserva_id, estado, fecha_inicio, fecha_fin) values (96, 'Pendiente', '2020-08-07 04:52:34', '2019-11-25 10:09:41');
insert into estado_reserva (estado_reserva_id, estado, fecha_inicio, fecha_fin) values (97, 'Confirmada', '2020-04-13 02:01:46', '2020-03-11 13:37:04');
insert into estado_reserva (estado_reserva_id, estado, fecha_inicio, fecha_fin) values (98, 'Confirmada', '2019-09-20 00:34:08', '2020-01-12 10:53:05');
insert into estado_reserva (estado_reserva_id, estado, fecha_inicio, fecha_fin) values (99, 'Pendiente', '2020-01-09 03:20:27', '2020-08-23 05:57:29');
insert into estado_reserva (estado_reserva_id, estado, fecha_inicio, fecha_fin) values (100, 'Confirmada', '2020-01-19 09:52:40', '2020-09-03 02:39:50');
insert into estado_reserva (estado_reserva_id, estado, fecha_inicio, fecha_fin) values (101, 'Pendiente', '2020-08-15 18:31:04', '2020-03-26 23:52:07');
insert into estado_reserva (estado_reserva_id, estado, fecha_inicio, fecha_fin) values (102, 'Confirmada', '2019-10-05 01:43:05', '2019-11-15 01:59:49');
insert into estado_reserva (estado_reserva_id, estado, fecha_inicio, fecha_fin) values (103, 'Pendiente', '2019-12-09 10:06:33', '2020-04-26 03:08:19');
insert into estado_reserva (estado_reserva_id, estado, fecha_inicio, fecha_fin) values (104, 'Confirmada', '2019-11-17 17:23:10', '2020-04-29 05:25:42');
insert into estado_reserva (estado_reserva_id, estado, fecha_inicio, fecha_fin) values (105, 'Confirmada', '2020-06-03 10:27:06', '2020-02-12 22:32:18');
insert into estado_reserva (estado_reserva_id, estado, fecha_inicio, fecha_fin) values (106, 'Confirmada', '2020-01-30 09:11:00', '2020-01-25 18:58:42');
insert into estado_reserva (estado_reserva_id, estado, fecha_inicio, fecha_fin) values (107, 'Pendiente', '2020-01-14 15:35:17', '2020-04-13 19:32:11');
insert into estado_reserva (estado_reserva_id, estado, fecha_inicio, fecha_fin) values (108, 'Confirmada', '2020-07-21 12:41:18', '2020-06-23 02:28:41');
insert into estado_reserva (estado_reserva_id, estado, fecha_inicio, fecha_fin) values (109, 'Pendiente', '2019-11-05 06:54:47', '2019-09-13 17:26:22');
insert into estado_reserva (estado_reserva_id, estado, fecha_inicio, fecha_fin) values (110, 'Confirmada', '2020-08-29 09:53:21', '2020-01-22 16:36:34');
insert into estado_reserva (estado_reserva_id, estado, fecha_inicio, fecha_fin) values (111, 'Confirmada', '2019-10-09 09:57:35', '2019-10-12 16:20:42');
insert into estado_reserva (estado_reserva_id, estado, fecha_inicio, fecha_fin) values (112, 'Pendiente', '2020-08-24 00:00:03', '2020-01-23 10:21:55');
insert into estado_reserva (estado_reserva_id, estado, fecha_inicio, fecha_fin) values (113, 'Pendiente', '2020-02-08 20:55:29', '2020-01-08 16:10:58');
insert into estado_reserva (estado_reserva_id, estado, fecha_inicio, fecha_fin) values (114, 'Confirmada', '2019-10-13 20:49:40', '2019-12-30 16:25:22');
insert into estado_reserva (estado_reserva_id, estado, fecha_inicio, fecha_fin) values (115, 'Pendiente', '2019-09-21 18:46:07', '2020-09-05 05:45:02');
insert into estado_reserva (estado_reserva_id, estado, fecha_inicio, fecha_fin) values (116, 'Pendiente', '2020-01-18 11:55:37', '2020-01-08 13:23:50');
insert into estado_reserva (estado_reserva_id, estado, fecha_inicio, fecha_fin) values (117, 'Pendiente', '2020-03-13 04:31:34', '2019-10-20 20:04:37');
insert into estado_reserva (estado_reserva_id, estado, fecha_inicio, fecha_fin) values (118, 'Pendiente', '2019-10-11 23:40:49', '2020-06-14 21:41:30');
insert into estado_reserva (estado_reserva_id, estado, fecha_inicio, fecha_fin) values (119, 'Confirmada', '2019-12-05 12:40:08', '2019-10-10 14:34:56');
insert into estado_reserva (estado_reserva_id, estado, fecha_inicio, fecha_fin) values (120, 'Confirmada', '2019-09-21 03:37:32', '2020-05-17 18:12:40');
insert into estado_reserva (estado_reserva_id, estado, fecha_inicio, fecha_fin) values (121, 'Pendiente', '2019-12-14 11:36:19', '2019-12-07 05:47:44');
insert into estado_reserva (estado_reserva_id, estado, fecha_inicio, fecha_fin) values (122, 'Pendiente', '2020-05-12 22:15:31', '2019-10-09 20:08:25');
insert into estado_reserva (estado_reserva_id, estado, fecha_inicio, fecha_fin) values (123, 'Pendiente', '2019-11-14 21:17:12', '2020-06-30 08:09:44');
insert into estado_reserva (estado_reserva_id, estado, fecha_inicio, fecha_fin) values (124, 'Pendiente', '2020-07-06 03:56:34', '2020-08-28 00:45:10');
insert into estado_reserva (estado_reserva_id, estado, fecha_inicio, fecha_fin) values (125, 'Confirmada', '2020-01-20 15:15:59', '2019-12-12 09:27:51');
insert into estado_reserva (estado_reserva_id, estado, fecha_inicio, fecha_fin) values (126, 'Pendiente', '2020-06-03 22:39:28', '2020-02-28 00:40:36');
insert into estado_reserva (estado_reserva_id, estado, fecha_inicio, fecha_fin) values (127, 'Confirmada', '2019-12-01 19:51:46', '2020-03-17 10:55:56');
insert into estado_reserva (estado_reserva_id, estado, fecha_inicio, fecha_fin) values (128, 'Confirmada', '2019-10-07 15:01:29', '2020-02-15 02:31:44');
insert into estado_reserva (estado_reserva_id, estado, fecha_inicio, fecha_fin) values (129, 'Pendiente', '2019-10-01 04:09:38', '2020-03-11 01:34:27');
insert into estado_reserva (estado_reserva_id, estado, fecha_inicio, fecha_fin) values (130, 'Confirmada', '2020-03-17 04:55:05', '2020-04-25 17:02:50');
insert into estado_reserva (estado_reserva_id, estado, fecha_inicio, fecha_fin) values (131, 'Pendiente', '2019-09-10 18:25:24', '2019-10-05 14:08:47');
insert into estado_reserva (estado_reserva_id, estado, fecha_inicio, fecha_fin) values (132, 'Confirmada', '2020-06-22 08:04:10', '2020-03-14 01:12:28');
insert into estado_reserva (estado_reserva_id, estado, fecha_inicio, fecha_fin) values (133, 'Pendiente', '2020-01-11 20:22:03', '2020-07-03 05:23:54');
insert into estado_reserva (estado_reserva_id, estado, fecha_inicio, fecha_fin) values (134, 'Confirmada', '2020-05-13 18:58:13', '2020-03-31 20:09:05');
insert into estado_reserva (estado_reserva_id, estado, fecha_inicio, fecha_fin) values (135, 'Pendiente', '2020-03-10 21:31:55', '2020-08-01 17:49:37');
insert into estado_reserva (estado_reserva_id, estado, fecha_inicio, fecha_fin) values (136, 'Confirmada', '2020-01-20 11:09:57', '2019-12-14 14:24:37');
insert into estado_reserva (estado_reserva_id, estado, fecha_inicio, fecha_fin) values (137, 'Confirmada', '2020-08-30 11:37:15', '2019-11-10 09:35:22');
insert into estado_reserva (estado_reserva_id, estado, fecha_inicio, fecha_fin) values (138, 'Pendiente', '2020-07-16 18:34:29', '2020-03-27 23:11:40');
insert into estado_reserva (estado_reserva_id, estado, fecha_inicio, fecha_fin) values (139, 'Confirmada', '2020-03-27 23:06:34', '2020-01-30 22:54:18');
insert into estado_reserva (estado_reserva_id, estado, fecha_inicio, fecha_fin) values (140, 'Pendiente', '2020-06-07 06:02:25', '2020-05-08 10:50:34');
insert into estado_reserva (estado_reserva_id, estado, fecha_inicio, fecha_fin) values (141, 'Confirmada', '2020-04-14 22:36:42', '2020-06-22 06:33:54');
insert into estado_reserva (estado_reserva_id, estado, fecha_inicio, fecha_fin) values (142, 'Confirmada', '2020-04-28 18:00:00', '2020-03-08 08:26:27');
insert into estado_reserva (estado_reserva_id, estado, fecha_inicio, fecha_fin) values (143, 'Pendiente', '2020-04-28 19:24:47', '2020-07-05 03:32:45');
insert into estado_reserva (estado_reserva_id, estado, fecha_inicio, fecha_fin) values (144, 'Confirmada', '2020-05-12 08:32:17', '2019-12-19 23:27:03');
insert into estado_reserva (estado_reserva_id, estado, fecha_inicio, fecha_fin) values (145, 'Pendiente', '2020-07-12 11:05:40', '2020-08-18 07:58:20');
insert into estado_reserva (estado_reserva_id, estado, fecha_inicio, fecha_fin) values (146, 'Confirmada', '2020-07-09 00:01:21', '2020-04-02 08:01:24');
insert into estado_reserva (estado_reserva_id, estado, fecha_inicio, fecha_fin) values (147, 'Pendiente', '2020-03-08 12:41:10', '2019-10-28 07:42:49');
insert into estado_reserva (estado_reserva_id, estado, fecha_inicio, fecha_fin) values (148, 'Confirmada', '2020-04-17 18:46:47', '2019-11-04 19:50:55');
insert into estado_reserva (estado_reserva_id, estado, fecha_inicio, fecha_fin) values (149, 'Confirmada', '2020-06-28 22:22:05', '2019-10-27 15:57:19');
insert into estado_reserva (estado_reserva_id, estado, fecha_inicio, fecha_fin) values (150, 'Pendiente', '2020-01-04 15:54:56', '2020-02-02 18:45:50');
insert into estado_reserva (estado_reserva_id, estado, fecha_inicio, fecha_fin) values (151, 'Confirmada', '2020-04-25 07:58:14', '2020-01-10 23:43:00');
insert into estado_reserva (estado_reserva_id, estado, fecha_inicio, fecha_fin) values (152, 'Confirmada', '2020-06-19 16:10:41', '2019-12-24 23:43:48');
insert into estado_reserva (estado_reserva_id, estado, fecha_inicio, fecha_fin) values (153, 'Pendiente', '2020-05-02 14:15:13', '2020-01-14 08:06:21');
insert into estado_reserva (estado_reserva_id, estado, fecha_inicio, fecha_fin) values (154, 'Confirmada', '2019-09-17 19:36:37', '2020-07-22 08:57:01');
insert into estado_reserva (estado_reserva_id, estado, fecha_inicio, fecha_fin) values (155, 'Pendiente', '2019-12-25 18:18:46', '2019-10-10 09:41:23');
insert into estado_reserva (estado_reserva_id, estado, fecha_inicio, fecha_fin) values (156, 'Confirmada', '2020-07-31 05:47:43', '2019-10-15 22:18:20');
insert into estado_reserva (estado_reserva_id, estado, fecha_inicio, fecha_fin) values (157, 'Pendiente', '2019-12-26 10:18:35', '2020-04-30 05:53:23');
insert into estado_reserva (estado_reserva_id, estado, fecha_inicio, fecha_fin) values (158, 'Confirmada', '2019-10-03 21:10:43', '2020-02-11 13:30:01');
insert into estado_reserva (estado_reserva_id, estado, fecha_inicio, fecha_fin) values (159, 'Confirmada', '2020-01-01 08:27:32', '2020-09-01 12:03:05');
insert into estado_reserva (estado_reserva_id, estado, fecha_inicio, fecha_fin) values (160, 'Confirmada', '2019-12-05 18:30:09', '2020-07-26 01:51:27');
insert into estado_reserva (estado_reserva_id, estado, fecha_inicio, fecha_fin) values (161, 'Confirmada', '2020-01-23 09:16:38', '2020-05-04 06:02:04');
insert into estado_reserva (estado_reserva_id, estado, fecha_inicio, fecha_fin) values (162, 'Pendiente', '2020-03-23 02:03:54', '2020-02-12 14:14:35');
insert into estado_reserva (estado_reserva_id, estado, fecha_inicio, fecha_fin) values (163, 'Confirmada', '2020-03-23 13:25:33', '2019-11-14 06:48:55');
insert into estado_reserva (estado_reserva_id, estado, fecha_inicio, fecha_fin) values (164, 'Confirmada', '2020-03-01 18:33:43', '2020-05-07 23:08:49');
insert into estado_reserva (estado_reserva_id, estado, fecha_inicio, fecha_fin) values (165, 'Pendiente', '2020-02-03 07:13:03', '2020-08-11 07:44:32');
insert into estado_reserva (estado_reserva_id, estado, fecha_inicio, fecha_fin) values (166, 'Pendiente', '2020-07-22 05:31:44', '2020-02-23 08:52:22');
insert into estado_reserva (estado_reserva_id, estado, fecha_inicio, fecha_fin) values (167, 'Pendiente', '2019-11-26 08:22:54', '2019-11-03 21:18:09');
insert into estado_reserva (estado_reserva_id, estado, fecha_inicio, fecha_fin) values (168, 'Pendiente', '2020-03-06 19:19:11', '2020-03-21 15:23:48');
insert into estado_reserva (estado_reserva_id, estado, fecha_inicio, fecha_fin) values (169, 'Confirmada', '2020-04-18 23:57:38', '2020-05-09 10:29:18');
insert into estado_reserva (estado_reserva_id, estado, fecha_inicio, fecha_fin) values (170, 'Confirmada', '2020-06-22 19:27:58', '2019-09-25 10:45:28');
insert into estado_reserva (estado_reserva_id, estado, fecha_inicio, fecha_fin) values (171, 'Confirmada', '2020-08-12 08:18:32', '2020-03-07 19:56:30');
insert into estado_reserva (estado_reserva_id, estado, fecha_inicio, fecha_fin) values (172, 'Confirmada', '2020-07-13 11:21:20', '2020-01-13 19:22:59');
insert into estado_reserva (estado_reserva_id, estado, fecha_inicio, fecha_fin) values (173, 'Confirmada', '2020-04-25 17:03:50', '2020-06-06 11:58:09');
insert into estado_reserva (estado_reserva_id, estado, fecha_inicio, fecha_fin) values (174, 'Confirmada', '2020-02-24 09:19:05', '2020-01-12 21:16:06');
insert into estado_reserva (estado_reserva_id, estado, fecha_inicio, fecha_fin) values (175, 'Confirmada', '2020-08-24 05:09:56', '2020-04-26 20:24:15');
insert into estado_reserva (estado_reserva_id, estado, fecha_inicio, fecha_fin) values (176, 'Confirmada', '2019-11-21 10:35:59', '2019-11-16 14:30:27');
insert into estado_reserva (estado_reserva_id, estado, fecha_inicio, fecha_fin) values (177, 'Confirmada', '2019-09-16 20:45:12', '2020-01-18 03:40:10');
insert into estado_reserva (estado_reserva_id, estado, fecha_inicio, fecha_fin) values (178, 'Confirmada', '2019-11-21 11:59:31', '2019-10-24 11:49:16');
insert into estado_reserva (estado_reserva_id, estado, fecha_inicio, fecha_fin) values (179, 'Pendiente', '2020-02-26 23:47:21', '2020-02-06 09:16:40');
insert into estado_reserva (estado_reserva_id, estado, fecha_inicio, fecha_fin) values (180, 'Confirmada', '2020-06-16 10:09:44', '2020-01-28 04:57:09');
insert into estado_reserva (estado_reserva_id, estado, fecha_inicio, fecha_fin) values (181, 'Confirmada', '2020-03-28 01:30:34', '2020-02-28 11:45:36');
insert into estado_reserva (estado_reserva_id, estado, fecha_inicio, fecha_fin) values (182, 'Pendiente', '2020-01-15 00:02:55', '2020-08-05 16:07:42');
insert into estado_reserva (estado_reserva_id, estado, fecha_inicio, fecha_fin) values (183, 'Confirmada', '2020-06-12 03:15:03', '2020-09-04 07:07:12');
insert into estado_reserva (estado_reserva_id, estado, fecha_inicio, fecha_fin) values (184, 'Pendiente', '2020-02-18 16:21:25', '2020-04-19 02:35:25');
insert into estado_reserva (estado_reserva_id, estado, fecha_inicio, fecha_fin) values (185, 'Confirmada', '2020-08-19 03:31:03', '2020-03-26 23:04:15');
insert into estado_reserva (estado_reserva_id, estado, fecha_inicio, fecha_fin) values (186, 'Confirmada', '2020-01-05 19:57:32', '2019-09-16 12:10:17');
insert into estado_reserva (estado_reserva_id, estado, fecha_inicio, fecha_fin) values (187, 'Pendiente', '2019-10-20 16:15:00', '2020-02-20 11:24:55');
insert into estado_reserva (estado_reserva_id, estado, fecha_inicio, fecha_fin) values (188, 'Confirmada', '2020-02-23 02:54:32', '2020-05-04 12:15:21');
insert into estado_reserva (estado_reserva_id, estado, fecha_inicio, fecha_fin) values (189, 'Pendiente', '2020-01-18 22:30:40', '2020-06-24 03:40:10');
insert into estado_reserva (estado_reserva_id, estado, fecha_inicio, fecha_fin) values (190, 'Confirmada', '2019-11-22 13:02:25', '2020-04-07 09:06:27');
insert into estado_reserva (estado_reserva_id, estado, fecha_inicio, fecha_fin) values (191, 'Confirmada', '2020-05-20 21:44:48', '2020-02-26 08:20:09');
insert into estado_reserva (estado_reserva_id, estado, fecha_inicio, fecha_fin) values (192, 'Confirmada', '2019-10-25 19:04:36', '2020-06-25 19:00:33');
insert into estado_reserva (estado_reserva_id, estado, fecha_inicio, fecha_fin) values (193, 'Pendiente', '2019-09-10 08:10:08', '2020-05-22 11:02:48');
insert into estado_reserva (estado_reserva_id, estado, fecha_inicio, fecha_fin) values (194, 'Confirmada', '2020-09-01 11:14:08', '2020-01-15 02:32:14');
insert into estado_reserva (estado_reserva_id, estado, fecha_inicio, fecha_fin) values (195, 'Pendiente', '2019-10-05 11:32:05', '2020-04-08 07:50:11');
insert into estado_reserva (estado_reserva_id, estado, fecha_inicio, fecha_fin) values (196, 'Confirmada', '2020-02-27 16:01:16', '2020-06-04 09:55:13');
insert into estado_reserva (estado_reserva_id, estado, fecha_inicio, fecha_fin) values (197, 'Pendiente', '2019-11-02 01:54:27', '2020-06-02 22:04:38');
insert into estado_reserva (estado_reserva_id, estado, fecha_inicio, fecha_fin) values (198, 'Confirmada', '2020-05-30 13:17:22', '2020-07-02 01:27:44');
insert into estado_reserva (estado_reserva_id, estado, fecha_inicio, fecha_fin) values (199, 'Pendiente', '2019-12-16 22:27:25', '2019-09-19 12:08:03');
insert into estado_reserva (estado_reserva_id, estado, fecha_inicio, fecha_fin) values (200, 'Confirmada', '2020-08-12 02:58:50', '2020-04-13 12:09:46');
insert into estado_reserva (estado_reserva_id, estado, fecha_inicio, fecha_fin) values (201, 'Pendiente', '2020-05-01 08:25:17', '2020-01-27 10:50:01');
insert into estado_reserva (estado_reserva_id, estado, fecha_inicio, fecha_fin) values (202, 'Confirmada', '2020-09-03 12:10:35', '2020-09-01 16:31:54');
insert into estado_reserva (estado_reserva_id, estado, fecha_inicio, fecha_fin) values (203, 'Confirmada', '2019-12-24 06:46:04', '2020-07-09 14:46:13');
insert into estado_reserva (estado_reserva_id, estado, fecha_inicio, fecha_fin) values (204, 'Pendiente', '2020-07-23 23:36:17', '2020-04-02 15:27:01');
insert into estado_reserva (estado_reserva_id, estado, fecha_inicio, fecha_fin) values (205, 'Confirmada', '2019-12-06 01:40:58', '2020-03-21 19:17:24');
insert into estado_reserva (estado_reserva_id, estado, fecha_inicio, fecha_fin) values (206, 'Confirmada', '2020-03-24 08:48:12', '2020-01-22 03:28:23');
insert into estado_reserva (estado_reserva_id, estado, fecha_inicio, fecha_fin) values (207, 'Pendiente', '2020-03-11 13:38:34', '2019-09-19 10:36:56');
insert into estado_reserva (estado_reserva_id, estado, fecha_inicio, fecha_fin) values (208, 'Confirmada', '2020-02-29 07:27:18', '2020-08-09 15:51:31');
insert into estado_reserva (estado_reserva_id, estado, fecha_inicio, fecha_fin) values (209, 'Confirmada', '2020-05-08 23:21:59', '2020-06-05 08:22:41');
insert into estado_reserva (estado_reserva_id, estado, fecha_inicio, fecha_fin) values (210, 'Pendiente', '2020-07-26 06:38:08', '2020-05-13 12:54:34');
insert into estado_reserva (estado_reserva_id, estado, fecha_inicio, fecha_fin) values (211, 'Confirmada', '2019-09-17 03:23:24', '2019-09-16 16:14:30');
insert into estado_reserva (estado_reserva_id, estado, fecha_inicio, fecha_fin) values (212, 'Pendiente', '2019-09-15 05:46:03', '2019-10-23 13:13:06');
insert into estado_reserva (estado_reserva_id, estado, fecha_inicio, fecha_fin) values (213, 'Confirmada', '2020-08-19 20:00:58', '2020-02-01 05:13:41');
insert into estado_reserva (estado_reserva_id, estado, fecha_inicio, fecha_fin) values (214, 'Confirmada', '2019-11-11 23:32:42', '2019-12-10 22:58:36');
insert into estado_reserva (estado_reserva_id, estado, fecha_inicio, fecha_fin) values (215, 'Pendiente', '2020-04-07 20:49:16', '2020-06-12 01:24:01');
insert into estado_reserva (estado_reserva_id, estado, fecha_inicio, fecha_fin) values (216, 'Confirmada', '2020-05-12 05:20:13', '2020-04-09 19:57:41');
insert into estado_reserva (estado_reserva_id, estado, fecha_inicio, fecha_fin) values (217, 'Pendiente', '2019-11-04 11:36:29', '2020-05-27 20:45:38');
insert into estado_reserva (estado_reserva_id, estado, fecha_inicio, fecha_fin) values (218, 'Confirmada', '2020-02-13 04:11:16', '2020-04-28 22:53:18');
insert into estado_reserva (estado_reserva_id, estado, fecha_inicio, fecha_fin) values (219, 'Confirmada', '2019-10-22 11:44:41', '2019-09-14 22:27:34');
insert into estado_reserva (estado_reserva_id, estado, fecha_inicio, fecha_fin) values (220, 'Pendiente', '2020-01-03 00:22:24', '2019-12-08 20:16:12');
insert into estado_reserva (estado_reserva_id, estado, fecha_inicio, fecha_fin) values (221, 'Confirmada', '2019-12-07 21:58:38', '2019-12-18 07:18:19');
insert into estado_reserva (estado_reserva_id, estado, fecha_inicio, fecha_fin) values (222, 'Pendiente', '2020-05-06 16:19:20', '2020-05-10 05:39:49');
insert into estado_reserva (estado_reserva_id, estado, fecha_inicio, fecha_fin) values (223, 'Confirmada', '2020-08-28 16:52:27', '2019-09-07 13:08:09');
insert into estado_reserva (estado_reserva_id, estado, fecha_inicio, fecha_fin) values (224, 'Confirmada', '2019-09-20 00:57:09', '2020-06-08 13:35:22');
insert into estado_reserva (estado_reserva_id, estado, fecha_inicio, fecha_fin) values (225, 'Pendiente', '2020-03-08 02:27:14', '2020-08-13 06:14:48');
insert into estado_reserva (estado_reserva_id, estado, fecha_inicio, fecha_fin) values (226, 'Confirmada', '2020-06-02 08:16:14', '2020-07-03 00:21:16');
insert into estado_reserva (estado_reserva_id, estado, fecha_inicio, fecha_fin) values (227, 'Pendiente', '2020-07-09 13:18:43', '2019-09-13 17:49:07');
insert into estado_reserva (estado_reserva_id, estado, fecha_inicio, fecha_fin) values (228, 'Confirmada', '2020-05-10 23:20:42', '2020-06-13 14:33:30');
insert into estado_reserva (estado_reserva_id, estado, fecha_inicio, fecha_fin) values (229, 'Pendiente', '2020-07-09 19:10:22', '2020-06-07 18:21:26');
insert into estado_reserva (estado_reserva_id, estado, fecha_inicio, fecha_fin) values (230, 'Confirmada', '2020-08-09 20:53:28', '2020-05-17 04:57:56');
insert into estado_reserva (estado_reserva_id, estado, fecha_inicio, fecha_fin) values (231, 'Confirmada', '2020-05-25 19:37:20', '2019-11-23 07:44:27');
insert into estado_reserva (estado_reserva_id, estado, fecha_inicio, fecha_fin) values (232, 'Pendiente', '2020-05-12 01:32:52', '2019-10-04 07:20:59');
insert into estado_reserva (estado_reserva_id, estado, fecha_inicio, fecha_fin) values (233, 'Confirmada', '2019-12-11 21:38:18', '2020-07-09 23:09:25');
insert into estado_reserva (estado_reserva_id, estado, fecha_inicio, fecha_fin) values (234, 'Pendiente', '2020-01-06 22:10:51', '2020-03-22 07:30:40');
insert into estado_reserva (estado_reserva_id, estado, fecha_inicio, fecha_fin) values (235, 'Confirmada', '2019-10-18 03:50:05', '2019-12-06 03:49:17');
insert into estado_reserva (estado_reserva_id, estado, fecha_inicio, fecha_fin) values (236, 'Pendiente', '2020-08-18 01:00:12', '2020-04-11 23:20:54');
insert into estado_reserva (estado_reserva_id, estado, fecha_inicio, fecha_fin) values (237, 'Confirmada', '2019-09-07 11:42:39', '2020-07-04 02:31:48');
insert into estado_reserva (estado_reserva_id, estado, fecha_inicio, fecha_fin) values (238, 'Confirmada', '2020-05-12 01:58:52', '2020-04-06 03:31:40');
insert into estado_reserva (estado_reserva_id, estado, fecha_inicio, fecha_fin) values (239, 'Confirmada', '2020-08-07 14:31:01', '2020-03-12 06:53:32');
insert into estado_reserva (estado_reserva_id, estado, fecha_inicio, fecha_fin) values (240, 'Pendiente', '2020-05-18 17:27:11', '2019-10-04 07:11:20');
insert into estado_reserva (estado_reserva_id, estado, fecha_inicio, fecha_fin) values (241, 'Confirmada', '2020-04-14 06:39:21', '2020-07-02 01:13:11');
insert into estado_reserva (estado_reserva_id, estado, fecha_inicio, fecha_fin) values (242, 'Confirmada', '2020-02-22 06:12:01', '2020-07-05 06:23:08');
insert into estado_reserva (estado_reserva_id, estado, fecha_inicio, fecha_fin) values (243, 'Confirmada', '2020-02-26 19:16:30', '2020-01-22 04:32:13');
insert into estado_reserva (estado_reserva_id, estado, fecha_inicio, fecha_fin) values (244, 'Pendiente', '2020-07-16 06:15:21', '2020-06-22 02:41:35');
insert into estado_reserva (estado_reserva_id, estado, fecha_inicio, fecha_fin) values (245, 'Confirmada', '2020-02-22 13:49:45', '2020-06-01 14:30:00');
insert into estado_reserva (estado_reserva_id, estado, fecha_inicio, fecha_fin) values (246, 'Confirmada', '2020-02-11 01:40:17', '2020-04-28 07:21:32');
insert into estado_reserva (estado_reserva_id, estado, fecha_inicio, fecha_fin) values (247, 'Pendiente', '2020-05-18 00:41:24', '2020-08-13 08:21:45');
insert into estado_reserva (estado_reserva_id, estado, fecha_inicio, fecha_fin) values (248, 'Confirmada', '2019-09-30 06:30:33', '2020-03-02 11:50:29');
insert into estado_reserva (estado_reserva_id, estado, fecha_inicio, fecha_fin) values (249, 'Pendiente', '2020-01-01 06:21:23', '2019-10-13 18:11:26');
insert into estado_reserva (estado_reserva_id, estado, fecha_inicio, fecha_fin) values (250, 'Confirmada', '2020-05-09 01:04:20', '2019-12-17 04:06:37');

--***********************************************************************************************************************************

insert into reserva (reserva_id, estado_id, empleado_id, cliente_id, habitacion_id, fecha, precio) values (1, 1, 1, 1, 1, '2020-06-28 01:56:57', 43.15);
insert into reserva (reserva_id, estado_id, empleado_id, cliente_id, habitacion_id, fecha, precio) values (2, 6, 4, 5, 5, '2020-05-01 09:04:36', 33.2);
insert into reserva (reserva_id, estado_id, empleado_id, cliente_id, habitacion_id, fecha, precio) values (3, 11, 7, 9, 9, '2019-09-10 10:11:37', 37.54);
insert into reserva (reserva_id, estado_id, empleado_id, cliente_id, habitacion_id, fecha, precio) values (4, 16, 10, 13, 13, '2020-08-20 15:12:55', 45.07);
insert into reserva (reserva_id, estado_id, empleado_id, cliente_id, habitacion_id, fecha, precio) values (5, 21, 13, 17, 17, '2020-04-20 05:32:59', 42.51);
insert into reserva (reserva_id, estado_id, empleado_id, cliente_id, habitacion_id, fecha, precio) values (6, 26, 16, 21, 21, '2019-11-10 13:43:34', 40.0);
insert into reserva (reserva_id, estado_id, empleado_id, cliente_id, habitacion_id, fecha, precio) values (7, 31, 19, 25, 25, '2020-08-17 10:40:24', 44.36);
insert into reserva (reserva_id, estado_id, empleado_id, cliente_id, habitacion_id, fecha, precio) values (8, 36, 22, 29, 29, '2019-12-11 15:54:44', 38.23);
insert into reserva (reserva_id, estado_id, empleado_id, cliente_id, habitacion_id, fecha, precio) values (9, 41, 25, 33, 33, '2020-04-24 11:24:03', 33.64);
insert into reserva (reserva_id, estado_id, empleado_id, cliente_id, habitacion_id, fecha, precio) values (10, 46, 28, 37, 37, '2020-08-24 13:43:49', 43.08);
insert into reserva (reserva_id, estado_id, empleado_id, cliente_id, habitacion_id, fecha, precio) values (11, 51, 31, 41, 1, '2020-03-31 12:26:36', 36.16);
insert into reserva (reserva_id, estado_id, empleado_id, cliente_id, habitacion_id, fecha, precio) values (12, 56, 34, 45, 5, '2020-06-20 14:37:19', 33.73);
insert into reserva (reserva_id, estado_id, empleado_id, cliente_id, habitacion_id, fecha, precio) values (13, 61, 37, 49, 9, '2020-01-21 19:06:56', 39.15);
insert into reserva (reserva_id, estado_id, empleado_id, cliente_id, habitacion_id, fecha, precio) values (14, 66, 40, 53, 13, '2020-01-18 11:01:32', 32.26);
insert into reserva (reserva_id, estado_id, empleado_id, cliente_id, habitacion_id, fecha, precio) values (15, 71, 43, 57, 17, '2020-08-07 19:35:42', 43.58);
insert into reserva (reserva_id, estado_id, empleado_id, cliente_id, habitacion_id, fecha, precio) values (16, 76, 46, 61, 21, '2019-12-22 19:57:53', 31.27);
insert into reserva (reserva_id, estado_id, empleado_id, cliente_id, habitacion_id, fecha, precio) values (17, 81, 49, 65, 25, '2019-11-09 06:36:44', 39.19);
insert into reserva (reserva_id, estado_id, empleado_id, cliente_id, habitacion_id, fecha, precio) values (18, 86, 52, 69, 29, '2019-11-29 13:20:55', 34.48);
insert into reserva (reserva_id, estado_id, empleado_id, cliente_id, habitacion_id, fecha, precio) values (19, 91, 55, 73, 33, '2019-09-28 02:43:26', 40.35);
insert into reserva (reserva_id, estado_id, empleado_id, cliente_id, habitacion_id, fecha, precio) values (20, 96, 58, 77, 37, '2020-03-07 10:45:18', 34.75);
insert into reserva (reserva_id, estado_id, empleado_id, cliente_id, habitacion_id, fecha, precio) values (21, 101, 61, 81, 1, '2019-12-26 16:20:21', 37.36);
insert into reserva (reserva_id, estado_id, empleado_id, cliente_id, habitacion_id, fecha, precio) values (22, 106, 64, 85, 5, '2020-05-05 10:24:24', 38.63);
insert into reserva (reserva_id, estado_id, empleado_id, cliente_id, habitacion_id, fecha, precio) values (23, 111, 67, 89, 9, '2020-07-20 21:32:47', 47.85);
insert into reserva (reserva_id, estado_id, empleado_id, cliente_id, habitacion_id, fecha, precio) values (24, 116, 70, 93, 13, '2019-12-30 09:33:39', 47.34);
insert into reserva (reserva_id, estado_id, empleado_id, cliente_id, habitacion_id, fecha, precio) values (25, 121, 73, 97, 17, '2019-10-12 13:42:59', 47.42);
insert into reserva (reserva_id, estado_id, empleado_id, cliente_id, habitacion_id, fecha, precio) values (26, 126, 76, 101, 21, '2019-11-04 22:02:40', 47.19);
insert into reserva (reserva_id, estado_id, empleado_id, cliente_id, habitacion_id, fecha, precio) values (27, 131, 79, 105, 25, '2019-10-25 20:53:38', 35.56);
insert into reserva (reserva_id, estado_id, empleado_id, cliente_id, habitacion_id, fecha, precio) values (28, 136, 82, 109, 29, '2020-02-18 21:45:05', 48.34);
insert into reserva (reserva_id, estado_id, empleado_id, cliente_id, habitacion_id, fecha, precio) values (29, 141, 85, 113, 33, '2020-04-12 13:56:50', 41.29);
insert into reserva (reserva_id, estado_id, empleado_id, cliente_id, habitacion_id, fecha, precio) values (30, 146, 88, 117, 37, '2020-07-19 18:53:46', 45.87);
insert into reserva (reserva_id, estado_id, empleado_id, cliente_id, habitacion_id, fecha, precio) values (31, 151, 91, 121, 1, '2019-11-13 23:46:26', 40.51);
insert into reserva (reserva_id, estado_id, empleado_id, cliente_id, habitacion_id, fecha, precio) values (32, 156, 94, 125, 5, '2020-04-09 21:32:59', 34.64);
insert into reserva (reserva_id, estado_id, empleado_id, cliente_id, habitacion_id, fecha, precio) values (33, 161, 97, 129, 9, '2020-04-22 17:00:19', 39.35);
insert into reserva (reserva_id, estado_id, empleado_id, cliente_id, habitacion_id, fecha, precio) values (34, 166, 100, 133, 13, '2020-08-27 01:28:45', 36.83);
insert into reserva (reserva_id, estado_id, empleado_id, cliente_id, habitacion_id, fecha, precio) values (35, 171, 3, 137, 17, '2019-12-06 17:20:23', 35.6);
insert into reserva (reserva_id, estado_id, empleado_id, cliente_id, habitacion_id, fecha, precio) values (36, 176, 6, 141, 21, '2020-04-02 06:29:39', 36.23);
insert into reserva (reserva_id, estado_id, empleado_id, cliente_id, habitacion_id, fecha, precio) values (37, 181, 9, 145, 25, '2020-02-14 03:42:40', 36.17);
insert into reserva (reserva_id, estado_id, empleado_id, cliente_id, habitacion_id, fecha, precio) values (38, 186, 12, 149, 29, '2020-05-17 04:54:08', 33.38);
insert into reserva (reserva_id, estado_id, empleado_id, cliente_id, habitacion_id, fecha, precio) values (39, 191, 15, 153, 33, '2020-03-09 03:40:16', 42.86);
insert into reserva (reserva_id, estado_id, empleado_id, cliente_id, habitacion_id, fecha, precio) values (40, 196, 18, 157, 37, '2019-10-23 01:18:25', 45.03);
insert into reserva (reserva_id, estado_id, empleado_id, cliente_id, habitacion_id, fecha, precio) values (41, 201, 21, 161, 1, '2019-12-19 16:21:43', 34.94);
insert into reserva (reserva_id, estado_id, empleado_id, cliente_id, habitacion_id, fecha, precio) values (42, 206, 24, 165, 5, '2020-05-22 22:13:30', 48.97);
insert into reserva (reserva_id, estado_id, empleado_id, cliente_id, habitacion_id, fecha, precio) values (43, 211, 27, 169, 9, '2020-08-12 14:35:16', 43.95);
insert into reserva (reserva_id, estado_id, empleado_id, cliente_id, habitacion_id, fecha, precio) values (44, 216, 30, 173, 13, '2020-02-29 07:22:07', 45.91);
insert into reserva (reserva_id, estado_id, empleado_id, cliente_id, habitacion_id, fecha, precio) values (45, 221, 33, 177, 17, '2019-12-18 18:07:49', 31.92);
insert into reserva (reserva_id, estado_id, empleado_id, cliente_id, habitacion_id, fecha, precio) values (46, 226, 36, 181, 21, '2019-12-22 21:03:11', 39.58);
insert into reserva (reserva_id, estado_id, empleado_id, cliente_id, habitacion_id, fecha, precio) values (47, 231, 39, 185, 25, '2020-05-04 15:31:15', 42.29);
insert into reserva (reserva_id, estado_id, empleado_id, cliente_id, habitacion_id, fecha, precio) values (48, 236, 42, 189, 29, '2020-07-17 09:01:49', 49.94);
insert into reserva (reserva_id, estado_id, empleado_id, cliente_id, habitacion_id, fecha, precio) values (49, 241, 45, 193, 33, '2020-06-25 15:15:12', 30.77);
insert into reserva (reserva_id, estado_id, empleado_id, cliente_id, habitacion_id, fecha, precio) values (50, 246, 48, 197, 37, '2019-09-20 06:22:56', 31.43);
insert into reserva (reserva_id, estado_id, empleado_id, cliente_id, habitacion_id, fecha, precio) values (51, 1, 51, 1, 1, '2020-01-11 01:13:45', 41.12);
insert into reserva (reserva_id, estado_id, empleado_id, cliente_id, habitacion_id, fecha, precio) values (52, 6, 54, 5, 5, '2019-09-27 08:10:37', 32.75);
insert into reserva (reserva_id, estado_id, empleado_id, cliente_id, habitacion_id, fecha, precio) values (53, 11, 57, 9, 9, '2020-03-19 07:41:09', 33.27);
insert into reserva (reserva_id, estado_id, empleado_id, cliente_id, habitacion_id, fecha, precio) values (54, 16, 60, 13, 13, '2020-04-26 11:32:16', 45.44);
insert into reserva (reserva_id, estado_id, empleado_id, cliente_id, habitacion_id, fecha, precio) values (55, 21, 63, 17, 17, '2020-04-23 05:41:20', 49.32);
insert into reserva (reserva_id, estado_id, empleado_id, cliente_id, habitacion_id, fecha, precio) values (56, 26, 66, 21, 21, '2020-03-10 09:10:27', 40.14);
insert into reserva (reserva_id, estado_id, empleado_id, cliente_id, habitacion_id, fecha, precio) values (57, 31, 69, 25, 25, '2019-11-10 12:42:10', 47.99);
insert into reserva (reserva_id, estado_id, empleado_id, cliente_id, habitacion_id, fecha, precio) values (58, 36, 72, 29, 29, '2020-01-07 16:36:36', 37.77);
insert into reserva (reserva_id, estado_id, empleado_id, cliente_id, habitacion_id, fecha, precio) values (59, 41, 75, 33, 33, '2020-06-04 02:55:39', 46.04);
insert into reserva (reserva_id, estado_id, empleado_id, cliente_id, habitacion_id, fecha, precio) values (60, 46, 78, 37, 37, '2019-10-08 23:30:23', 32.2);
insert into reserva (reserva_id, estado_id, empleado_id, cliente_id, habitacion_id, fecha, precio) values (61, 51, 81, 41, 1, '2019-12-20 06:46:25', 47.61);
insert into reserva (reserva_id, estado_id, empleado_id, cliente_id, habitacion_id, fecha, precio) values (62, 56, 84, 45, 5, '2020-02-01 01:25:56', 33.7);
insert into reserva (reserva_id, estado_id, empleado_id, cliente_id, habitacion_id, fecha, precio) values (63, 61, 87, 49, 9, '2019-09-27 02:02:06', 46.02);
insert into reserva (reserva_id, estado_id, empleado_id, cliente_id, habitacion_id, fecha, precio) values (64, 66, 90, 53, 13, '2020-07-13 04:05:58', 47.97);
insert into reserva (reserva_id, estado_id, empleado_id, cliente_id, habitacion_id, fecha, precio) values (65, 71, 93, 57, 17, '2020-08-17 17:02:08', 43.62);
insert into reserva (reserva_id, estado_id, empleado_id, cliente_id, habitacion_id, fecha, precio) values (66, 76, 96, 61, 21, '2020-03-04 16:48:02', 49.24);
insert into reserva (reserva_id, estado_id, empleado_id, cliente_id, habitacion_id, fecha, precio) values (67, 81, 99, 65, 25, '2019-11-18 18:27:34', 41.44);
insert into reserva (reserva_id, estado_id, empleado_id, cliente_id, habitacion_id, fecha, precio) values (68, 86, 2, 69, 29, '2020-04-22 21:55:49', 30.14);
insert into reserva (reserva_id, estado_id, empleado_id, cliente_id, habitacion_id, fecha, precio) values (69, 91, 5, 73, 33, '2020-02-04 11:24:38', 38.78);
insert into reserva (reserva_id, estado_id, empleado_id, cliente_id, habitacion_id, fecha, precio) values (70, 96, 8, 77, 37, '2019-10-03 13:14:06', 33.63);
insert into reserva (reserva_id, estado_id, empleado_id, cliente_id, habitacion_id, fecha, precio) values (71, 101, 11, 81, 1, '2020-05-06 08:00:33', 30.82);
insert into reserva (reserva_id, estado_id, empleado_id, cliente_id, habitacion_id, fecha, precio) values (72, 106, 14, 85, 5, '2019-11-14 12:34:56', 47.25);
insert into reserva (reserva_id, estado_id, empleado_id, cliente_id, habitacion_id, fecha, precio) values (73, 111, 17, 89, 9, '2019-12-14 16:04:25', 47.06);
insert into reserva (reserva_id, estado_id, empleado_id, cliente_id, habitacion_id, fecha, precio) values (74, 116, 20, 93, 13, '2020-08-30 16:45:56', 44.99);
insert into reserva (reserva_id, estado_id, empleado_id, cliente_id, habitacion_id, fecha, precio) values (75, 121, 23, 97, 17, '2020-05-23 03:32:45', 35.81);
insert into reserva (reserva_id, estado_id, empleado_id, cliente_id, habitacion_id, fecha, precio) values (76, 126, 26, 101, 21, '2020-02-21 14:08:39', 49.06);
insert into reserva (reserva_id, estado_id, empleado_id, cliente_id, habitacion_id, fecha, precio) values (77, 131, 29, 105, 25, '2019-09-16 16:54:26', 39.07);
insert into reserva (reserva_id, estado_id, empleado_id, cliente_id, habitacion_id, fecha, precio) values (78, 136, 32, 109, 29, '2020-04-23 01:39:33', 39.21);
insert into reserva (reserva_id, estado_id, empleado_id, cliente_id, habitacion_id, fecha, precio) values (79, 141, 35, 113, 33, '2020-01-23 13:02:28', 38.84);
insert into reserva (reserva_id, estado_id, empleado_id, cliente_id, habitacion_id, fecha, precio) values (80, 146, 38, 117, 37, '2020-08-03 03:27:25', 35.56);
insert into reserva (reserva_id, estado_id, empleado_id, cliente_id, habitacion_id, fecha, precio) values (81, 151, 41, 121, 1, '2019-12-07 09:42:46', 33.91);
insert into reserva (reserva_id, estado_id, empleado_id, cliente_id, habitacion_id, fecha, precio) values (82, 156, 44, 125, 5, '2020-03-03 01:02:15', 32.86);
insert into reserva (reserva_id, estado_id, empleado_id, cliente_id, habitacion_id, fecha, precio) values (83, 161, 47, 129, 9, '2019-10-12 13:06:16', 35.11);
insert into reserva (reserva_id, estado_id, empleado_id, cliente_id, habitacion_id, fecha, precio) values (84, 166, 50, 133, 13, '2020-02-11 09:14:10', 45.11);
insert into reserva (reserva_id, estado_id, empleado_id, cliente_id, habitacion_id, fecha, precio) values (85, 171, 53, 137, 17, '2019-10-04 09:04:44', 42.92);
insert into reserva (reserva_id, estado_id, empleado_id, cliente_id, habitacion_id, fecha, precio) values (86, 176, 56, 141, 21, '2019-10-23 14:11:12', 49.13);
insert into reserva (reserva_id, estado_id, empleado_id, cliente_id, habitacion_id, fecha, precio) values (87, 181, 59, 145, 25, '2020-02-16 17:10:56', 49.65);
insert into reserva (reserva_id, estado_id, empleado_id, cliente_id, habitacion_id, fecha, precio) values (88, 186, 62, 149, 29, '2019-11-13 17:40:10', 31.5);
insert into reserva (reserva_id, estado_id, empleado_id, cliente_id, habitacion_id, fecha, precio) values (89, 191, 65, 153, 33, '2020-07-16 11:37:00', 41.52);
insert into reserva (reserva_id, estado_id, empleado_id, cliente_id, habitacion_id, fecha, precio) values (90, 196, 68, 157, 37, '2019-12-06 17:45:18', 32.7);
insert into reserva (reserva_id, estado_id, empleado_id, cliente_id, habitacion_id, fecha, precio) values (91, 201, 71, 161, 1, '2020-02-13 23:54:02', 35.83);
insert into reserva (reserva_id, estado_id, empleado_id, cliente_id, habitacion_id, fecha, precio) values (92, 206, 74, 165, 5, '2020-07-04 03:35:29', 45.79);
insert into reserva (reserva_id, estado_id, empleado_id, cliente_id, habitacion_id, fecha, precio) values (93, 211, 77, 169, 9, '2019-10-29 20:49:53', 40.91);
insert into reserva (reserva_id, estado_id, empleado_id, cliente_id, habitacion_id, fecha, precio) values (94, 216, 80, 173, 13, '2019-10-28 07:19:09', 48.41);
insert into reserva (reserva_id, estado_id, empleado_id, cliente_id, habitacion_id, fecha, precio) values (95, 221, 83, 177, 17, '2020-06-10 08:43:50', 30.39);
insert into reserva (reserva_id, estado_id, empleado_id, cliente_id, habitacion_id, fecha, precio) values (96, 226, 86, 181, 21, '2020-04-03 13:06:15', 42.57);
insert into reserva (reserva_id, estado_id, empleado_id, cliente_id, habitacion_id, fecha, precio) values (97, 231, 89, 185, 25, '2020-08-24 10:51:07', 39.85);
insert into reserva (reserva_id, estado_id, empleado_id, cliente_id, habitacion_id, fecha, precio) values (98, 236, 92, 189, 29, '2020-01-10 17:23:38', 38.3);
insert into reserva (reserva_id, estado_id, empleado_id, cliente_id, habitacion_id, fecha, precio) values (99, 241, 95, 193, 33, '2020-01-13 07:55:46', 48.78);
insert into reserva (reserva_id, estado_id, empleado_id, cliente_id, habitacion_id, fecha, precio) values (100, 246, 98, 197, 37, '2020-07-13 09:05:14', 33.83);
insert into reserva (reserva_id, estado_id, empleado_id, cliente_id, habitacion_id, fecha, precio) values (101, 1, 1, 1, 1, '2020-02-15 21:22:11', 49.25);
insert into reserva (reserva_id, estado_id, empleado_id, cliente_id, habitacion_id, fecha, precio) values (102, 6, 4, 5, 5, '2020-06-01 10:16:39', 45.28);
insert into reserva (reserva_id, estado_id, empleado_id, cliente_id, habitacion_id, fecha, precio) values (103, 11, 7, 9, 9, '2020-01-25 17:57:44', 39.18);
insert into reserva (reserva_id, estado_id, empleado_id, cliente_id, habitacion_id, fecha, precio) values (104, 16, 10, 13, 13, '2020-02-29 04:11:53', 40.42);
insert into reserva (reserva_id, estado_id, empleado_id, cliente_id, habitacion_id, fecha, precio) values (105, 21, 13, 17, 17, '2020-03-09 03:47:01', 46.76);
insert into reserva (reserva_id, estado_id, empleado_id, cliente_id, habitacion_id, fecha, precio) values (106, 26, 16, 21, 21, '2020-08-30 15:47:33', 41.87);
insert into reserva (reserva_id, estado_id, empleado_id, cliente_id, habitacion_id, fecha, precio) values (107, 31, 19, 25, 25, '2020-01-24 08:12:36', 31.3);
insert into reserva (reserva_id, estado_id, empleado_id, cliente_id, habitacion_id, fecha, precio) values (108, 36, 22, 29, 29, '2019-09-08 21:31:41', 37.26);
insert into reserva (reserva_id, estado_id, empleado_id, cliente_id, habitacion_id, fecha, precio) values (109, 41, 25, 33, 33, '2020-04-01 00:04:42', 41.29);
insert into reserva (reserva_id, estado_id, empleado_id, cliente_id, habitacion_id, fecha, precio) values (110, 46, 28, 37, 37, '2019-11-02 21:44:50', 39.44);
insert into reserva (reserva_id, estado_id, empleado_id, cliente_id, habitacion_id, fecha, precio) values (111, 51, 31, 41, 1, '2020-04-16 01:03:25', 45.42);
insert into reserva (reserva_id, estado_id, empleado_id, cliente_id, habitacion_id, fecha, precio) values (112, 56, 34, 45, 5, '2020-04-08 16:20:47', 36.2);
insert into reserva (reserva_id, estado_id, empleado_id, cliente_id, habitacion_id, fecha, precio) values (113, 61, 37, 49, 9, '2020-04-25 07:42:33', 47.6);
insert into reserva (reserva_id, estado_id, empleado_id, cliente_id, habitacion_id, fecha, precio) values (114, 66, 40, 53, 13, '2020-04-26 14:02:23', 32.68);
insert into reserva (reserva_id, estado_id, empleado_id, cliente_id, habitacion_id, fecha, precio) values (115, 71, 43, 57, 17, '2020-07-19 02:10:00', 47.27);
insert into reserva (reserva_id, estado_id, empleado_id, cliente_id, habitacion_id, fecha, precio) values (116, 76, 46, 61, 21, '2020-07-28 03:30:44', 37.3);
insert into reserva (reserva_id, estado_id, empleado_id, cliente_id, habitacion_id, fecha, precio) values (117, 81, 49, 65, 25, '2019-11-15 00:30:42', 37.99);
insert into reserva (reserva_id, estado_id, empleado_id, cliente_id, habitacion_id, fecha, precio) values (118, 86, 52, 69, 29, '2019-11-13 04:02:13', 46.55);
insert into reserva (reserva_id, estado_id, empleado_id, cliente_id, habitacion_id, fecha, precio) values (119, 91, 55, 73, 33, '2020-07-14 03:54:53', 45.28);
insert into reserva (reserva_id, estado_id, empleado_id, cliente_id, habitacion_id, fecha, precio) values (120, 96, 58, 77, 37, '2020-05-09 16:31:13', 47.6);
insert into reserva (reserva_id, estado_id, empleado_id, cliente_id, habitacion_id, fecha, precio) values (121, 101, 61, 81, 1, '2020-06-20 02:42:08', 37.18);
insert into reserva (reserva_id, estado_id, empleado_id, cliente_id, habitacion_id, fecha, precio) values (122, 106, 64, 85, 5, '2020-02-06 21:13:09', 37.06);
insert into reserva (reserva_id, estado_id, empleado_id, cliente_id, habitacion_id, fecha, precio) values (123, 111, 67, 89, 9, '2019-10-04 13:52:25', 40.3);
insert into reserva (reserva_id, estado_id, empleado_id, cliente_id, habitacion_id, fecha, precio) values (124, 116, 70, 93, 13, '2020-04-27 11:51:59', 46.96);
insert into reserva (reserva_id, estado_id, empleado_id, cliente_id, habitacion_id, fecha, precio) values (125, 121, 73, 97, 17, '2019-10-05 05:20:03', 37.89);
insert into reserva (reserva_id, estado_id, empleado_id, cliente_id, habitacion_id, fecha, precio) values (126, 126, 76, 101, 21, '2020-08-29 09:51:04', 44.65);
insert into reserva (reserva_id, estado_id, empleado_id, cliente_id, habitacion_id, fecha, precio) values (127, 131, 79, 105, 25, '2020-02-28 23:19:13', 35.67);
insert into reserva (reserva_id, estado_id, empleado_id, cliente_id, habitacion_id, fecha, precio) values (128, 136, 82, 109, 29, '2020-01-09 00:45:44', 44.6);
insert into reserva (reserva_id, estado_id, empleado_id, cliente_id, habitacion_id, fecha, precio) values (129, 141, 85, 113, 33, '2019-09-15 22:24:23', 46.1);
insert into reserva (reserva_id, estado_id, empleado_id, cliente_id, habitacion_id, fecha, precio) values (130, 146, 88, 117, 37, '2020-06-08 08:46:55', 31.69);
insert into reserva (reserva_id, estado_id, empleado_id, cliente_id, habitacion_id, fecha, precio) values (131, 151, 91, 121, 1, '2020-08-08 23:33:41', 32.95);
insert into reserva (reserva_id, estado_id, empleado_id, cliente_id, habitacion_id, fecha, precio) values (132, 156, 94, 125, 5, '2019-12-27 12:21:05', 32.34);
insert into reserva (reserva_id, estado_id, empleado_id, cliente_id, habitacion_id, fecha, precio) values (133, 161, 97, 129, 9, '2019-10-09 10:09:32', 30.39);
insert into reserva (reserva_id, estado_id, empleado_id, cliente_id, habitacion_id, fecha, precio) values (134, 166, 100, 133, 13, '2020-03-08 21:40:01', 42.34);
insert into reserva (reserva_id, estado_id, empleado_id, cliente_id, habitacion_id, fecha, precio) values (135, 171, 3, 137, 17, '2020-04-16 04:46:36', 46.84);
insert into reserva (reserva_id, estado_id, empleado_id, cliente_id, habitacion_id, fecha, precio) values (136, 176, 6, 141, 21, '2020-03-22 07:11:52', 45.84);
insert into reserva (reserva_id, estado_id, empleado_id, cliente_id, habitacion_id, fecha, precio) values (137, 181, 9, 145, 25, '2020-09-05 18:52:06', 38.62);
insert into reserva (reserva_id, estado_id, empleado_id, cliente_id, habitacion_id, fecha, precio) values (138, 186, 12, 149, 29, '2019-09-07 00:19:25', 49.44);
insert into reserva (reserva_id, estado_id, empleado_id, cliente_id, habitacion_id, fecha, precio) values (139, 191, 15, 153, 33, '2020-04-27 11:31:39', 33.18);
insert into reserva (reserva_id, estado_id, empleado_id, cliente_id, habitacion_id, fecha, precio) values (140, 196, 18, 157, 37, '2019-12-13 10:20:20', 47.18);
insert into reserva (reserva_id, estado_id, empleado_id, cliente_id, habitacion_id, fecha, precio) values (141, 201, 21, 161, 1, '2020-04-06 15:24:58', 35.47);
insert into reserva (reserva_id, estado_id, empleado_id, cliente_id, habitacion_id, fecha, precio) values (142, 206, 24, 165, 5, '2020-08-03 12:27:29', 40.63);
insert into reserva (reserva_id, estado_id, empleado_id, cliente_id, habitacion_id, fecha, precio) values (143, 211, 27, 169, 9, '2020-03-25 16:21:48', 39.53);
insert into reserva (reserva_id, estado_id, empleado_id, cliente_id, habitacion_id, fecha, precio) values (144, 216, 30, 173, 13, '2020-06-20 05:41:34', 34.42);
insert into reserva (reserva_id, estado_id, empleado_id, cliente_id, habitacion_id, fecha, precio) values (145, 221, 33, 17, 17, '2020-07-12 21:40:14', 40.0);
insert into reserva (reserva_id, estado_id, empleado_id, cliente_id, habitacion_id, fecha, precio) values (146, 226, 36, 181, 21, '2020-07-24 18:45:06', 46.92);
insert into reserva (reserva_id, estado_id, empleado_id, cliente_id, habitacion_id, fecha, precio) values (147, 231, 39, 185, 25, '2020-01-23 12:37:58', 33.56);
insert into reserva (reserva_id, estado_id, empleado_id, cliente_id, habitacion_id, fecha, precio) values (148, 236, 42, 189, 29, '2019-12-26 12:36:18', 32.96);
insert into reserva (reserva_id, estado_id, empleado_id, cliente_id, habitacion_id, fecha, precio) values (149, 241, 45, 193, 33, '2019-12-03 13:16:34', 30.42);
insert into reserva (reserva_id, estado_id, empleado_id, cliente_id, habitacion_id, fecha, precio) values (150, 246, 48, 197, 37, '2020-02-24 23:07:39', 46.39);
insert into reserva (reserva_id, estado_id, empleado_id, cliente_id, habitacion_id, fecha, precio) values (151, 1, 51, 1, 1, '2020-08-03 07:31:43', 35.49);
insert into reserva (reserva_id, estado_id, empleado_id, cliente_id, habitacion_id, fecha, precio) values (152, 6, 54, 5, 5, '2020-08-15 12:15:22', 47.35);
insert into reserva (reserva_id, estado_id, empleado_id, cliente_id, habitacion_id, fecha, precio) values (153, 11, 57, 9, 9, '2020-02-09 02:07:15', 31.47);
insert into reserva (reserva_id, estado_id, empleado_id, cliente_id, habitacion_id, fecha, precio) values (154, 16, 60, 13, 13, '2020-02-14 14:23:22', 49.21);
insert into reserva (reserva_id, estado_id, empleado_id, cliente_id, habitacion_id, fecha, precio) values (155, 21, 63, 17, 17, '2019-10-17 03:08:49', 30.67);
insert into reserva (reserva_id, estado_id, empleado_id, cliente_id, habitacion_id, fecha, precio) values (156, 26, 66, 21, 21, '2020-01-22 07:06:03', 46.98);
insert into reserva (reserva_id, estado_id, empleado_id, cliente_id, habitacion_id, fecha, precio) values (157, 31, 69, 25, 25, '2019-10-07 07:36:10', 41.47);
insert into reserva (reserva_id, estado_id, empleado_id, cliente_id, habitacion_id, fecha, precio) values (158, 36, 72, 29, 29, '2019-12-27 01:13:44', 44.7);
insert into reserva (reserva_id, estado_id, empleado_id, cliente_id, habitacion_id, fecha, precio) values (159, 41, 75, 33, 33, '2020-08-26 10:13:06', 41.44);
insert into reserva (reserva_id, estado_id, empleado_id, cliente_id, habitacion_id, fecha, precio) values (160, 46, 78, 37, 37, '2020-07-04 19:48:52', 37.45);
insert into reserva (reserva_id, estado_id, empleado_id, cliente_id, habitacion_id, fecha, precio) values (161, 51, 81, 41, 1, '2020-07-30 20:53:13', 39.09);
insert into reserva (reserva_id, estado_id, empleado_id, cliente_id, habitacion_id, fecha, precio) values (162, 56, 84, 45, 5, '2020-06-03 01:15:45', 39.82);
insert into reserva (reserva_id, estado_id, empleado_id, cliente_id, habitacion_id, fecha, precio) values (163, 61, 87, 49, 9, '2020-04-04 22:57:45', 34.75);
insert into reserva (reserva_id, estado_id, empleado_id, cliente_id, habitacion_id, fecha, precio) values (164, 66, 90, 53, 13, '2020-05-20 11:04:29', 42.38);
insert into reserva (reserva_id, estado_id, empleado_id, cliente_id, habitacion_id, fecha, precio) values (165, 71, 93, 57, 17, '2020-01-26 00:36:36', 40.7);
insert into reserva (reserva_id, estado_id, empleado_id, cliente_id, habitacion_id, fecha, precio) values (166, 76, 96, 61, 21, '2019-10-10 06:10:27', 38.13);
insert into reserva (reserva_id, estado_id, empleado_id, cliente_id, habitacion_id, fecha, precio) values (167, 81, 99, 65, 25, '2019-11-04 05:56:21', 34.98);
insert into reserva (reserva_id, estado_id, empleado_id, cliente_id, habitacion_id, fecha, precio) values (168, 86, 2, 69, 29, '2020-04-18 06:59:15', 34.74);
insert into reserva (reserva_id, estado_id, empleado_id, cliente_id, habitacion_id, fecha, precio) values (169, 91, 5, 73, 33, '2020-07-19 02:17:13', 44.9);
insert into reserva (reserva_id, estado_id, empleado_id, cliente_id, habitacion_id, fecha, precio) values (170, 96, 8, 77, 37, '2020-05-04 19:16:02', 42.11);
insert into reserva (reserva_id, estado_id, empleado_id, cliente_id, habitacion_id, fecha, precio) values (171, 101, 11, 81, 1, '2020-03-25 05:37:06', 43.74);
insert into reserva (reserva_id, estado_id, empleado_id, cliente_id, habitacion_id, fecha, precio) values (172, 106, 14, 85, 5, '2019-12-03 01:32:15', 42.71);
insert into reserva (reserva_id, estado_id, empleado_id, cliente_id, habitacion_id, fecha, precio) values (173, 111, 17, 89, 9, '2019-11-19 17:23:08', 47.69);
insert into reserva (reserva_id, estado_id, empleado_id, cliente_id, habitacion_id, fecha, precio) values (174, 116, 20, 93, 13, '2019-12-24 21:08:50', 39.32);
insert into reserva (reserva_id, estado_id, empleado_id, cliente_id, habitacion_id, fecha, precio) values (175, 121, 23, 97, 17, '2020-07-24 12:17:26', 36.18);
insert into reserva (reserva_id, estado_id, empleado_id, cliente_id, habitacion_id, fecha, precio) values (176, 126, 26, 101, 21, '2020-05-15 15:41:00', 38.84);
insert into reserva (reserva_id, estado_id, empleado_id, cliente_id, habitacion_id, fecha, precio) values (177, 131, 29, 105, 25, '2019-11-09 12:00:46', 43.16);
insert into reserva (reserva_id, estado_id, empleado_id, cliente_id, habitacion_id, fecha, precio) values (178, 136, 32, 109, 29, '2020-09-05 17:41:53', 43.62);
insert into reserva (reserva_id, estado_id, empleado_id, cliente_id, habitacion_id, fecha, precio) values (179, 141, 35, 113, 33, '2019-11-04 22:17:12', 38.07);
insert into reserva (reserva_id, estado_id, empleado_id, cliente_id, habitacion_id, fecha, precio) values (180, 146, 38, 117, 37, '2020-08-24 13:15:53', 45.3);
insert into reserva (reserva_id, estado_id, empleado_id, cliente_id, habitacion_id, fecha, precio) values (181, 151, 41, 121, 1, '2020-07-09 17:27:35', 47.05);
insert into reserva (reserva_id, estado_id, empleado_id, cliente_id, habitacion_id, fecha, precio) values (182, 156, 44, 125, 5, '2020-02-20 17:31:52', 35.28);
insert into reserva (reserva_id, estado_id, empleado_id, cliente_id, habitacion_id, fecha, precio) values (183, 161, 47, 129, 9, '2020-07-22 13:10:22', 49.35);
insert into reserva (reserva_id, estado_id, empleado_id, cliente_id, habitacion_id, fecha, precio) values (184, 166, 50, 133, 13, '2019-11-20 02:25:59', 39.64);
insert into reserva (reserva_id, estado_id, empleado_id, cliente_id, habitacion_id, fecha, precio) values (185, 171, 53, 137, 17, '2020-07-11 07:52:51', 46.45);
insert into reserva (reserva_id, estado_id, empleado_id, cliente_id, habitacion_id, fecha, precio) values (186, 176, 56, 141, 21, '2020-03-23 09:01:40', 44.39);
insert into reserva (reserva_id, estado_id, empleado_id, cliente_id, habitacion_id, fecha, precio) values (187, 181, 59, 145, 25, '2020-02-07 04:35:23', 32.53);
insert into reserva (reserva_id, estado_id, empleado_id, cliente_id, habitacion_id, fecha, precio) values (188, 186, 62, 149, 29, '2020-05-25 01:10:04', 33.38);
insert into reserva (reserva_id, estado_id, empleado_id, cliente_id, habitacion_id, fecha, precio) values (189, 191, 65, 153, 33, '2020-07-15 08:14:28', 36.27);
insert into reserva (reserva_id, estado_id, empleado_id, cliente_id, habitacion_id, fecha, precio) values (190, 196, 68, 157, 37, '2019-12-23 21:59:24', 44.24);
insert into reserva (reserva_id, estado_id, empleado_id, cliente_id, habitacion_id, fecha, precio) values (191, 201, 71, 161, 1, '2019-10-25 05:20:33', 38.88);
insert into reserva (reserva_id, estado_id, empleado_id, cliente_id, habitacion_id, fecha, precio) values (192, 206, 74, 165, 5, '2020-05-01 16:13:39', 42.02);
insert into reserva (reserva_id, estado_id, empleado_id, cliente_id, habitacion_id, fecha, precio) values (193, 211, 77, 169, 9, '2019-10-16 08:00:11', 38.47);
insert into reserva (reserva_id, estado_id, empleado_id, cliente_id, habitacion_id, fecha, precio) values (194, 216, 80, 173, 13, '2020-02-03 01:22:33', 41.71);
insert into reserva (reserva_id, estado_id, empleado_id, cliente_id, habitacion_id, fecha, precio) values (195, 221, 83, 178, 17, '2019-11-04 04:33:46', 35.18);
insert into reserva (reserva_id, estado_id, empleado_id, cliente_id, habitacion_id, fecha, precio) values (196, 226, 86, 181, 21, '2019-09-26 19:20:22', 31.4);
insert into reserva (reserva_id, estado_id, empleado_id, cliente_id, habitacion_id, fecha, precio) values (197, 231, 89, 185, 25, '2019-10-25 06:35:12', 41.14);
insert into reserva (reserva_id, estado_id, empleado_id, cliente_id, habitacion_id, fecha, precio) values (198, 236, 92, 189, 29, '2020-01-31 01:16:42', 36.12);
insert into reserva (reserva_id, estado_id, empleado_id, cliente_id, habitacion_id, fecha, precio) values (199, 241, 95, 193, 33, '2020-02-13 17:39:54', 48.89);
insert into reserva (reserva_id, estado_id, empleado_id, cliente_id, habitacion_id, fecha, precio) values (200, 246, 98, 197, 37, '2019-10-16 03:29:45', 40.43);
insert into reserva (reserva_id, estado_id, empleado_id, cliente_id, habitacion_id, fecha, precio) values (201, 1, 1, 1, 1, '2020-04-29 18:44:03', 36.52);
insert into reserva (reserva_id, estado_id, empleado_id, cliente_id, habitacion_id, fecha, precio) values (202, 6, 4, 5, 5, '2019-10-06 08:28:24', 43.19);
insert into reserva (reserva_id, estado_id, empleado_id, cliente_id, habitacion_id, fecha, precio) values (203, 11, 7, 9, 9, '2020-02-05 07:21:20', 49.09);
insert into reserva (reserva_id, estado_id, empleado_id, cliente_id, habitacion_id, fecha, precio) values (204, 16, 10, 13, 13, '2020-06-26 07:05:44', 30.62);
insert into reserva (reserva_id, estado_id, empleado_id, cliente_id, habitacion_id, fecha, precio) values (205, 21, 13, 17, 17, '2019-12-16 03:28:27', 41.27);
insert into reserva (reserva_id, estado_id, empleado_id, cliente_id, habitacion_id, fecha, precio) values (206, 26, 16, 21, 21, '2020-01-18 05:32:51', 31.44);
insert into reserva (reserva_id, estado_id, empleado_id, cliente_id, habitacion_id, fecha, precio) values (207, 31, 19, 25, 25, '2019-11-30 10:02:11', 45.74);
insert into reserva (reserva_id, estado_id, empleado_id, cliente_id, habitacion_id, fecha, precio) values (208, 36, 22, 29, 29, '2020-09-05 19:24:52', 35.85);
insert into reserva (reserva_id, estado_id, empleado_id, cliente_id, habitacion_id, fecha, precio) values (209, 41, 25, 33, 33, '2019-10-08 21:55:22', 41.36);
insert into reserva (reserva_id, estado_id, empleado_id, cliente_id, habitacion_id, fecha, precio) values (210, 46, 28, 37, 37, '2020-02-29 19:34:49', 39.12);
insert into reserva (reserva_id, estado_id, empleado_id, cliente_id, habitacion_id, fecha, precio) values (211, 51, 31, 41, 1, '2019-11-11 19:18:46', 47.28);
insert into reserva (reserva_id, estado_id, empleado_id, cliente_id, habitacion_id, fecha, precio) values (212, 56, 34, 45, 5, '2020-04-30 01:34:12', 38.2);
insert into reserva (reserva_id, estado_id, empleado_id, cliente_id, habitacion_id, fecha, precio) values (213, 61, 37, 49, 9, '2020-05-15 18:29:19', 40.13);
insert into reserva (reserva_id, estado_id, empleado_id, cliente_id, habitacion_id, fecha, precio) values (214, 66, 40, 53, 13, '2020-04-07 18:44:13', 43.71);
insert into reserva (reserva_id, estado_id, empleado_id, cliente_id, habitacion_id, fecha, precio) values (215, 71, 43, 57, 17, '2019-09-09 11:13:09', 49.04);
insert into reserva (reserva_id, estado_id, empleado_id, cliente_id, habitacion_id, fecha, precio) values (216, 76, 46, 61, 21, '2020-06-30 22:07:24', 32.79);
insert into reserva (reserva_id, estado_id, empleado_id, cliente_id, habitacion_id, fecha, precio) values (217, 81, 49, 65, 25, '2020-07-20 08:29:55', 44.59);
insert into reserva (reserva_id, estado_id, empleado_id, cliente_id, habitacion_id, fecha, precio) values (218, 86, 52, 69, 29, '2019-10-18 13:18:14', 43.23);
insert into reserva (reserva_id, estado_id, empleado_id, cliente_id, habitacion_id, fecha, precio) values (219, 91, 55, 73, 33, '2020-06-15 06:01:30', 32.56);
insert into reserva (reserva_id, estado_id, empleado_id, cliente_id, habitacion_id, fecha, precio) values (220, 96, 58, 77, 37, '2019-11-26 20:12:32', 43.2);
insert into reserva (reserva_id, estado_id, empleado_id, cliente_id, habitacion_id, fecha, precio) values (221, 101, 61, 81, 1, '2020-08-18 05:52:13', 41.06);
insert into reserva (reserva_id, estado_id, empleado_id, cliente_id, habitacion_id, fecha, precio) values (222, 106, 64, 85, 5, '2019-12-26 18:29:30', 30.79);
insert into reserva (reserva_id, estado_id, empleado_id, cliente_id, habitacion_id, fecha, precio) values (223, 111, 67, 89, 9, '2020-08-19 18:33:04', 47.1);
insert into reserva (reserva_id, estado_id, empleado_id, cliente_id, habitacion_id, fecha, precio) values (224, 116, 70, 93, 13, '2019-10-26 08:37:16', 42.1);
insert into reserva (reserva_id, estado_id, empleado_id, cliente_id, habitacion_id, fecha, precio) values (225, 121, 73, 97, 17, '2020-07-04 16:02:58', 47.22);
insert into reserva (reserva_id, estado_id, empleado_id, cliente_id, habitacion_id, fecha, precio) values (226, 126, 76, 101, 21, '2020-09-03 10:00:10', 42.14);
insert into reserva (reserva_id, estado_id, empleado_id, cliente_id, habitacion_id, fecha, precio) values (227, 131, 79, 105, 25, '2020-08-07 00:11:18', 40.65);
insert into reserva (reserva_id, estado_id, empleado_id, cliente_id, habitacion_id, fecha, precio) values (228, 136, 82, 109, 29, '2019-10-19 11:57:18', 36.01);
insert into reserva (reserva_id, estado_id, empleado_id, cliente_id, habitacion_id, fecha, precio) values (229, 141, 85, 113, 33, '2020-06-26 18:02:10', 38.83);
insert into reserva (reserva_id, estado_id, empleado_id, cliente_id, habitacion_id, fecha, precio) values (230, 146, 88, 117, 37, '2019-12-15 06:09:29', 39.21);
insert into reserva (reserva_id, estado_id, empleado_id, cliente_id, habitacion_id, fecha, precio) values (231, 151, 91, 121, 1, '2020-03-14 05:14:24', 38.7);
insert into reserva (reserva_id, estado_id, empleado_id, cliente_id, habitacion_id, fecha, precio) values (232, 156, 94, 125, 5, '2020-05-28 13:44:06', 43.71);
insert into reserva (reserva_id, estado_id, empleado_id, cliente_id, habitacion_id, fecha, precio) values (233, 161, 97, 129, 9, '2020-08-24 02:40:53', 34.75);
insert into reserva (reserva_id, estado_id, empleado_id, cliente_id, habitacion_id, fecha, precio) values (234, 166, 100, 133, 13, '2020-01-21 20:15:49', 43.93);
insert into reserva (reserva_id, estado_id, empleado_id, cliente_id, habitacion_id, fecha, precio) values (235, 171, 3, 137, 17, '2019-09-29 20:40:26', 47.44);
insert into reserva (reserva_id, estado_id, empleado_id, cliente_id, habitacion_id, fecha, precio) values (236, 176, 6, 141, 21, '2020-03-02 15:56:51', 39.65);
insert into reserva (reserva_id, estado_id, empleado_id, cliente_id, habitacion_id, fecha, precio) values (237, 181, 9, 145, 25, '2019-10-19 18:01:48', 34.35);
insert into reserva (reserva_id, estado_id, empleado_id, cliente_id, habitacion_id, fecha, precio) values (238, 186, 12, 149, 29, '2020-04-02 23:57:38', 36.5);
insert into reserva (reserva_id, estado_id, empleado_id, cliente_id, habitacion_id, fecha, precio) values (239, 191, 15, 153, 33, '2020-07-11 02:55:43', 42.33);
insert into reserva (reserva_id, estado_id, empleado_id, cliente_id, habitacion_id, fecha, precio) values (240, 196, 18, 157, 37, '2019-12-28 07:58:33', 36.54);
insert into reserva (reserva_id, estado_id, empleado_id, cliente_id, habitacion_id, fecha, precio) values (241, 201, 21, 161, 1, '2019-10-23 22:10:12', 47.0);
insert into reserva (reserva_id, estado_id, empleado_id, cliente_id, habitacion_id, fecha, precio) values (242, 206, 24, 165, 5, '2019-09-11 13:38:36', 43.0);
insert into reserva (reserva_id, estado_id, empleado_id, cliente_id, habitacion_id, fecha, precio) values (243, 211, 27, 169, 9, '2020-07-08 15:18:43', 43.62);
insert into reserva (reserva_id, estado_id, empleado_id, cliente_id, habitacion_id, fecha, precio) values (244, 216, 30, 173, 13, '2019-10-17 13:28:25', 40.4);
insert into reserva (reserva_id, estado_id, empleado_id, cliente_id, habitacion_id, fecha, precio) values (245, 221, 33, 178, 17, '2019-11-28 16:38:45', 41.42);
insert into reserva (reserva_id, estado_id, empleado_id, cliente_id, habitacion_id, fecha, precio) values (246, 226, 36, 181, 21, '2020-08-22 02:35:54', 42.7);
insert into reserva (reserva_id, estado_id, empleado_id, cliente_id, habitacion_id, fecha, precio) values (247, 231, 39, 185, 25, '2020-07-06 19:01:29', 48.41);
insert into reserva (reserva_id, estado_id, empleado_id, cliente_id, habitacion_id, fecha, precio) values (248, 236, 42, 189, 29, '2020-03-08 07:21:35', 34.64);
insert into reserva (reserva_id, estado_id, empleado_id, cliente_id, habitacion_id, fecha, precio) values (249, 241, 45, 193, 33, '2020-03-09 13:54:53', 49.43);
insert into reserva (reserva_id, estado_id, empleado_id, cliente_id, habitacion_id, fecha, precio) values (250, 246, 48, 197, 37, '2019-11-16 02:33:14', 31.04);

--***********************************************************************************************************************************

insert into pagos (pago_id, cliente_id, fecha, precio) values (1, 1, '2019-11-17 09:52:34', 269.8);
insert into pagos (pago_id, cliente_id, fecha, precio) values (2, 5, '2020-05-01 11:34:41', 139.56);
insert into pagos (pago_id, cliente_id, fecha, precio) values (3, 9, '2020-06-11 22:05:08', 240.5);
insert into pagos (pago_id, cliente_id, fecha, precio) values (4, 13, '2020-02-16 03:54:43', 222.93);
insert into pagos (pago_id, cliente_id, fecha, precio) values (5, 17, '2020-05-03 10:48:02', 173.68);
insert into pagos (pago_id, cliente_id, fecha, precio) values (6, 21, '2019-11-07 20:54:56', 210.28);
insert into pagos (pago_id, cliente_id, fecha, precio) values (7, 25, '2020-03-05 17:25:36', 119.1);
insert into pagos (pago_id, cliente_id, fecha, precio) values (8, 29, '2019-11-12 02:20:35', 54.7);
insert into pagos (pago_id, cliente_id, fecha, precio) values (9, 33, '2019-10-05 20:12:33', 246.67);
insert into pagos (pago_id, cliente_id, fecha, precio) values (10, 37, '2019-11-20 07:05:33', 88.39);
insert into pagos (pago_id, cliente_id, fecha, precio) values (11, 41, '2020-06-22 05:09:39', 297.14);
insert into pagos (pago_id, cliente_id, fecha, precio) values (12, 45, '2020-03-19 18:33:10', 179.76);
insert into pagos (pago_id, cliente_id, fecha, precio) values (13, 49, '2019-11-17 20:04:54', 120.34);
insert into pagos (pago_id, cliente_id, fecha, precio) values (14, 53, '2019-11-08 17:18:39', 266.4);
insert into pagos (pago_id, cliente_id, fecha, precio) values (15, 57, '2019-09-24 11:35:15', 201.01);
insert into pagos (pago_id, cliente_id, fecha, precio) values (16, 61, '2020-02-14 00:33:27', 105.87);
insert into pagos (pago_id, cliente_id, fecha, precio) values (17, 65, '2020-04-23 15:59:08', 193.97);
insert into pagos (pago_id, cliente_id, fecha, precio) values (18, 69, '2019-09-22 13:19:07', 226.82);
insert into pagos (pago_id, cliente_id, fecha, precio) values (19, 73, '2020-04-20 05:56:07', 107.96);
insert into pagos (pago_id, cliente_id, fecha, precio) values (20, 77, '2020-04-08 03:07:13', 281.36);
insert into pagos (pago_id, cliente_id, fecha, precio) values (21, 81, '2020-05-15 23:52:04', 106.7);
insert into pagos (pago_id, cliente_id, fecha, precio) values (22, 85, '2019-10-12 13:56:40', 263.02);
insert into pagos (pago_id, cliente_id, fecha, precio) values (23, 89, '2020-01-30 01:58:27', 89.54);
insert into pagos (pago_id, cliente_id, fecha, precio) values (24, 93, '2020-01-02 20:20:24', 292.32);
insert into pagos (pago_id, cliente_id, fecha, precio) values (25, 97, '2020-06-05 10:36:55', 81.57);
insert into pagos (pago_id, cliente_id, fecha, precio) values (26, 101, '2020-08-25 07:39:48', 147.92);
insert into pagos (pago_id, cliente_id, fecha, precio) values (27, 105, '2019-11-24 21:37:47', 241.99);
insert into pagos (pago_id, cliente_id, fecha, precio) values (28, 109, '2020-01-10 09:48:55', 204.15);
insert into pagos (pago_id, cliente_id, fecha, precio) values (29, 113, '2019-09-07 23:41:00', 117.86);
insert into pagos (pago_id, cliente_id, fecha, precio) values (30, 117, '2020-07-06 10:34:57', 85.41);
insert into pagos (pago_id, cliente_id, fecha, precio) values (31, 121, '2019-10-25 16:16:40', 193.61);
insert into pagos (pago_id, cliente_id, fecha, precio) values (32, 125, '2019-12-22 22:50:35', 258.95);
insert into pagos (pago_id, cliente_id, fecha, precio) values (33, 129, '2020-08-23 19:12:32', 62.07);
insert into pagos (pago_id, cliente_id, fecha, precio) values (34, 133, '2020-01-11 03:19:29', 194.4);
insert into pagos (pago_id, cliente_id, fecha, precio) values (35, 137, '2020-02-26 19:48:06', 131.44);
insert into pagos (pago_id, cliente_id, fecha, precio) values (36, 141, '2020-05-09 02:23:33', 290.71);
insert into pagos (pago_id, cliente_id, fecha, precio) values (37, 145, '2019-11-21 09:26:06', 51.01);
insert into pagos (pago_id, cliente_id, fecha, precio) values (38, 149, '2020-05-30 04:04:48', 264.09);
insert into pagos (pago_id, cliente_id, fecha, precio) values (39, 153, '2019-12-17 10:32:40', 128.69);
insert into pagos (pago_id, cliente_id, fecha, precio) values (40, 157, '2020-01-07 22:24:15', 222.46);
insert into pagos (pago_id, cliente_id, fecha, precio) values (41, 161, '2019-12-27 11:25:46', 209.76);
insert into pagos (pago_id, cliente_id, fecha, precio) values (42, 165, '2020-07-13 20:59:38', 257.89);
insert into pagos (pago_id, cliente_id, fecha, precio) values (43, 169, '2020-05-07 13:10:03', 86.39);
insert into pagos (pago_id, cliente_id, fecha, precio) values (44, 173, '2019-10-29 01:26:18', 177.54);
insert into pagos (pago_id, cliente_id, fecha, precio) values (45, 177, '2019-11-30 18:53:20', 297.6);
insert into pagos (pago_id, cliente_id, fecha, precio) values (46, 181, '2020-08-23 09:56:41', 134.49);
insert into pagos (pago_id, cliente_id, fecha, precio) values (47, 185, '2020-05-27 02:22:10', 173.65);
insert into pagos (pago_id, cliente_id, fecha, precio) values (48, 189, '2020-01-24 12:50:38', 107.02);
insert into pagos (pago_id, cliente_id, fecha, precio) values (49, 193, '2020-03-20 16:04:14', 144.15);
insert into pagos (pago_id, cliente_id, fecha, precio) values (50, 197, '2019-10-09 10:54:06', 183.57);
insert into pagos (pago_id, cliente_id, fecha, precio) values (51, 1, '2020-02-10 10:29:27', 204.67);
insert into pagos (pago_id, cliente_id, fecha, precio) values (52, 5, '2020-01-30 19:21:01', 140.61);
insert into pagos (pago_id, cliente_id, fecha, precio) values (53, 9, '2019-09-28 23:01:15', 99.38);
insert into pagos (pago_id, cliente_id, fecha, precio) values (54, 13, '2019-11-23 09:10:17', 235.7);
insert into pagos (pago_id, cliente_id, fecha, precio) values (55, 17, '2020-06-03 18:32:50', 184.83);
insert into pagos (pago_id, cliente_id, fecha, precio) values (56, 21, '2019-12-03 10:38:02', 96.15);
insert into pagos (pago_id, cliente_id, fecha, precio) values (57, 25, '2019-10-09 08:35:40', 173.44);
insert into pagos (pago_id, cliente_id, fecha, precio) values (58, 29, '2020-01-10 14:39:55', 183.99);
insert into pagos (pago_id, cliente_id, fecha, precio) values (59, 33, '2019-10-20 07:09:44', 76.2);
insert into pagos (pago_id, cliente_id, fecha, precio) values (60, 37, '2020-06-02 11:30:49', 290.67);
insert into pagos (pago_id, cliente_id, fecha, precio) values (61, 41, '2020-03-03 13:10:09', 275.01);
insert into pagos (pago_id, cliente_id, fecha, precio) values (62, 45, '2020-01-13 16:38:24', 162.32);
insert into pagos (pago_id, cliente_id, fecha, precio) values (63, 49, '2019-10-07 14:28:12', 259.91);
insert into pagos (pago_id, cliente_id, fecha, precio) values (64, 53, '2020-09-02 08:28:20', 200.56);
insert into pagos (pago_id, cliente_id, fecha, precio) values (65, 57, '2020-03-06 23:46:30', 192.01);
insert into pagos (pago_id, cliente_id, fecha, precio) values (66, 61, '2020-05-22 07:41:19', 70.78);
insert into pagos (pago_id, cliente_id, fecha, precio) values (67, 65, '2020-06-07 21:56:28', 54.73);
insert into pagos (pago_id, cliente_id, fecha, precio) values (68, 69, '2020-04-08 16:45:06', 63.75);
insert into pagos (pago_id, cliente_id, fecha, precio) values (69, 73, '2020-05-30 05:39:59', 212.31);
insert into pagos (pago_id, cliente_id, fecha, precio) values (70, 77, '2019-10-23 16:11:01', 106.15);
insert into pagos (pago_id, cliente_id, fecha, precio) values (71, 81, '2019-10-28 19:54:13', 206.5);
insert into pagos (pago_id, cliente_id, fecha, precio) values (72, 85, '2020-05-19 22:08:57', 90.3);
insert into pagos (pago_id, cliente_id, fecha, precio) values (73, 89, '2020-06-21 15:02:57', 193.56);
insert into pagos (pago_id, cliente_id, fecha, precio) values (74, 93, '2020-05-13 15:20:19', 52.03);
insert into pagos (pago_id, cliente_id, fecha, precio) values (75, 97, '2020-01-18 15:53:53', 135.96);
insert into pagos (pago_id, cliente_id, fecha, precio) values (76, 101, '2020-02-11 05:55:14', 242.46);
insert into pagos (pago_id, cliente_id, fecha, precio) values (77, 105, '2019-12-05 04:49:31', 201.64);
insert into pagos (pago_id, cliente_id, fecha, precio) values (78, 109, '2020-01-13 16:53:39', 280.45);
insert into pagos (pago_id, cliente_id, fecha, precio) values (79, 113, '2020-08-24 15:52:35', 75.04);
insert into pagos (pago_id, cliente_id, fecha, precio) values (80, 117, '2020-04-14 07:02:19', 109.38);
insert into pagos (pago_id, cliente_id, fecha, precio) values (81, 121, '2019-11-16 05:12:36', 237.65);
insert into pagos (pago_id, cliente_id, fecha, precio) values (82, 125, '2020-05-24 22:11:38', 133.23);
insert into pagos (pago_id, cliente_id, fecha, precio) values (83, 129, '2020-05-24 00:29:52', 202.02);
insert into pagos (pago_id, cliente_id, fecha, precio) values (84, 133, '2020-06-14 05:43:42', 259.17);
insert into pagos (pago_id, cliente_id, fecha, precio) values (85, 137, '2020-06-23 06:44:02', 258.02);
insert into pagos (pago_id, cliente_id, fecha, precio) values (86, 141, '2020-02-09 07:02:39', 202.32);
insert into pagos (pago_id, cliente_id, fecha, precio) values (87, 145, '2020-05-10 21:58:35', 258.76);
insert into pagos (pago_id, cliente_id, fecha, precio) values (88, 149, '2020-02-01 17:51:07', 247.97);
insert into pagos (pago_id, cliente_id, fecha, precio) values (89, 153, '2019-11-20 18:27:28', 94.94);
insert into pagos (pago_id, cliente_id, fecha, precio) values (90, 157, '2020-07-26 18:56:39', 283.27);
insert into pagos (pago_id, cliente_id, fecha, precio) values (91, 161, '2020-05-09 10:35:28', 94.85);
insert into pagos (pago_id, cliente_id, fecha, precio) values (92, 165, '2020-03-13 10:25:08', 239.9);
insert into pagos (pago_id, cliente_id, fecha, precio) values (93, 169, '2020-03-18 05:33:40', 210.19);
insert into pagos (pago_id, cliente_id, fecha, precio) values (94, 173, '2020-06-28 18:37:39', 206.51);
insert into pagos (pago_id, cliente_id, fecha, precio) values (95, 177, '2019-10-02 21:13:23', 184.43);
insert into pagos (pago_id, cliente_id, fecha, precio) values (96, 181, '2020-09-01 16:23:44', 260.64);
insert into pagos (pago_id, cliente_id, fecha, precio) values (97, 185, '2020-03-14 05:43:11', 214.95);
insert into pagos (pago_id, cliente_id, fecha, precio) values (98, 189, '2019-12-31 14:06:39', 257.76);
insert into pagos (pago_id, cliente_id, fecha, precio) values (99, 193, '2019-12-01 11:47:59', 148.28);
insert into pagos (pago_id, cliente_id, fecha, precio) values (100, 197, '2019-12-25 19:52:52', 216.33);
insert into pagos (pago_id, cliente_id, fecha, precio) values (101, 1, '2020-07-07 15:16:22', 54.69);
insert into pagos (pago_id, cliente_id, fecha, precio) values (102, 5, '2019-12-25 08:59:19', 280.58);
insert into pagos (pago_id, cliente_id, fecha, precio) values (103, 9, '2020-06-08 17:38:21', 138.65);
insert into pagos (pago_id, cliente_id, fecha, precio) values (104, 13, '2019-10-25 13:03:59', 78.55);
insert into pagos (pago_id, cliente_id, fecha, precio) values (105, 17, '2020-02-01 11:05:10', 173.06);
insert into pagos (pago_id, cliente_id, fecha, precio) values (106, 21, '2019-11-08 13:59:14', 242.92);
insert into pagos (pago_id, cliente_id, fecha, precio) values (107, 25, '2020-07-26 12:30:25', 93.88);
insert into pagos (pago_id, cliente_id, fecha, precio) values (108, 29, '2020-06-15 20:05:35', 284.82);
insert into pagos (pago_id, cliente_id, fecha, precio) values (109, 33, '2020-02-05 23:34:31', 79.66);
insert into pagos (pago_id, cliente_id, fecha, precio) values (110, 37, '2019-10-02 00:36:13', 230.19);
insert into pagos (pago_id, cliente_id, fecha, precio) values (111, 41, '2019-10-02 23:15:01', 285.15);
insert into pagos (pago_id, cliente_id, fecha, precio) values (112, 45, '2020-07-04 04:57:54', 131.54);
insert into pagos (pago_id, cliente_id, fecha, precio) values (113, 49, '2020-07-10 03:44:05', 214.71);
insert into pagos (pago_id, cliente_id, fecha, precio) values (114, 53, '2020-04-08 07:03:38', 88.16);
insert into pagos (pago_id, cliente_id, fecha, precio) values (115, 57, '2020-02-07 16:46:08', 199.67);
insert into pagos (pago_id, cliente_id, fecha, precio) values (116, 61, '2020-01-19 16:02:49', 230.33);
insert into pagos (pago_id, cliente_id, fecha, precio) values (117, 65, '2020-03-29 01:06:13', 251.93);
insert into pagos (pago_id, cliente_id, fecha, precio) values (118, 69, '2019-11-24 16:17:08', 227.14);
insert into pagos (pago_id, cliente_id, fecha, precio) values (119, 73, '2020-05-24 21:24:45', 141.59);
insert into pagos (pago_id, cliente_id, fecha, precio) values (120, 77, '2020-01-08 08:05:33', 228.52);
insert into pagos (pago_id, cliente_id, fecha, precio) values (121, 81, '2019-09-21 00:30:55', 167.38);
insert into pagos (pago_id, cliente_id, fecha, precio) values (122, 85, '2020-05-04 11:27:43', 247.7);
insert into pagos (pago_id, cliente_id, fecha, precio) values (123, 89, '2020-02-11 09:50:21', 115.03);
insert into pagos (pago_id, cliente_id, fecha, precio) values (124, 93, '2019-10-13 18:31:22', 130.79);
insert into pagos (pago_id, cliente_id, fecha, precio) values (125, 97, '2020-04-20 01:19:18', 245.09);
insert into pagos (pago_id, cliente_id, fecha, precio) values (126, 101, '2020-08-23 14:44:53', 169.58);
insert into pagos (pago_id, cliente_id, fecha, precio) values (127, 105, '2020-04-22 15:32:47', 137.88);
insert into pagos (pago_id, cliente_id, fecha, precio) values (128, 109, '2019-11-26 09:31:03', 116.21);
insert into pagos (pago_id, cliente_id, fecha, precio) values (129, 113, '2020-01-24 23:26:43', 107.15);
insert into pagos (pago_id, cliente_id, fecha, precio) values (130, 117, '2020-03-11 10:31:21', 121.38);
insert into pagos (pago_id, cliente_id, fecha, precio) values (131, 121, '2019-11-28 02:31:27', 201.65);
insert into pagos (pago_id, cliente_id, fecha, precio) values (132, 125, '2020-04-09 21:42:09', 135.42);
insert into pagos (pago_id, cliente_id, fecha, precio) values (133, 129, '2020-08-24 19:27:52', 260.34);
insert into pagos (pago_id, cliente_id, fecha, precio) values (134, 133, '2020-08-22 10:51:30', 204.15);
insert into pagos (pago_id, cliente_id, fecha, precio) values (135, 137, '2020-01-19 07:21:49', 53.99);
insert into pagos (pago_id, cliente_id, fecha, precio) values (136, 141, '2020-03-31 22:50:46', 165.2);
insert into pagos (pago_id, cliente_id, fecha, precio) values (137, 145, '2020-06-23 07:48:44', 144.71);
insert into pagos (pago_id, cliente_id, fecha, precio) values (138, 149, '2020-06-19 13:26:38', 229.9);
insert into pagos (pago_id, cliente_id, fecha, precio) values (139, 153, '2020-04-22 09:25:20', 81.04);
insert into pagos (pago_id, cliente_id, fecha, precio) values (140, 157, '2020-08-18 15:28:37', 216.91);
insert into pagos (pago_id, cliente_id, fecha, precio) values (141, 161, '2020-08-21 02:05:50', 58.65);
insert into pagos (pago_id, cliente_id, fecha, precio) values (142, 165, '2020-01-08 23:24:59', 225.46);
insert into pagos (pago_id, cliente_id, fecha, precio) values (143, 169, '2020-03-22 22:43:02', 296.36);
insert into pagos (pago_id, cliente_id, fecha, precio) values (144, 173, '2020-03-07 18:49:33', 298.45);
insert into pagos (pago_id, cliente_id, fecha, precio) values (145, 177, '2020-04-18 22:55:33', 250.19);
insert into pagos (pago_id, cliente_id, fecha, precio) values (146, 181, '2020-04-05 19:18:28', 274.5);
insert into pagos (pago_id, cliente_id, fecha, precio) values (147, 185, '2020-08-02 21:14:35', 204.09);
insert into pagos (pago_id, cliente_id, fecha, precio) values (148, 189, '2020-07-06 02:23:26', 293.84);
insert into pagos (pago_id, cliente_id, fecha, precio) values (149, 193, '2019-09-08 02:38:22', 181.29);
insert into pagos (pago_id, cliente_id, fecha, precio) values (150, 197, '2019-11-23 18:03:27', 131.91);
insert into pagos (pago_id, cliente_id, fecha, precio) values (151, 1, '2019-09-08 06:44:51', 180.26);
insert into pagos (pago_id, cliente_id, fecha, precio) values (152, 5, '2019-12-26 01:46:09', 65.37);
insert into pagos (pago_id, cliente_id, fecha, precio) values (153, 9, '2019-11-05 06:17:56', 86.71);
insert into pagos (pago_id, cliente_id, fecha, precio) values (154, 13, '2020-07-23 12:01:49', 104.87);
insert into pagos (pago_id, cliente_id, fecha, precio) values (155, 17, '2020-01-03 13:15:23', 125.23);
insert into pagos (pago_id, cliente_id, fecha, precio) values (156, 21, '2019-11-18 06:43:26', 208.82);
insert into pagos (pago_id, cliente_id, fecha, precio) values (157, 25, '2020-05-29 00:17:04', 227.58);
insert into pagos (pago_id, cliente_id, fecha, precio) values (158, 29, '2020-03-09 14:15:47', 267.86);
insert into pagos (pago_id, cliente_id, fecha, precio) values (159, 33, '2020-02-03 18:58:10', 193.26);
insert into pagos (pago_id, cliente_id, fecha, precio) values (160, 37, '2020-01-07 13:03:01', 95.97);
insert into pagos (pago_id, cliente_id, fecha, precio) values (161, 41, '2019-11-01 07:22:45', 100.79);
insert into pagos (pago_id, cliente_id, fecha, precio) values (162, 45, '2020-03-10 15:49:58', 262.9);
insert into pagos (pago_id, cliente_id, fecha, precio) values (163, 49, '2019-12-17 06:45:16', 75.01);
insert into pagos (pago_id, cliente_id, fecha, precio) values (164, 53, '2020-04-10 18:12:39', 93.25);
insert into pagos (pago_id, cliente_id, fecha, precio) values (165, 57, '2020-07-14 00:39:04', 125.16);
insert into pagos (pago_id, cliente_id, fecha, precio) values (166, 61, '2019-10-11 02:54:49', 63.42);
insert into pagos (pago_id, cliente_id, fecha, precio) values (167, 65, '2020-01-15 05:04:29', 212.53);
insert into pagos (pago_id, cliente_id, fecha, precio) values (168, 69, '2020-07-18 04:41:08', 249.51);
insert into pagos (pago_id, cliente_id, fecha, precio) values (169, 73, '2020-06-24 16:05:49', 166.46);
insert into pagos (pago_id, cliente_id, fecha, precio) values (170, 77, '2020-08-27 13:02:41', 205.61);
insert into pagos (pago_id, cliente_id, fecha, precio) values (171, 81, '2019-12-04 23:31:20', 154.69);
insert into pagos (pago_id, cliente_id, fecha, precio) values (172, 85, '2020-01-08 01:07:38', 117.51);
insert into pagos (pago_id, cliente_id, fecha, precio) values (173, 89, '2020-06-11 06:35:48', 102.17);
insert into pagos (pago_id, cliente_id, fecha, precio) values (174, 93, '2020-07-31 11:27:45', 165.7);
insert into pagos (pago_id, cliente_id, fecha, precio) values (175, 97, '2020-06-29 15:09:55', 55.48);
insert into pagos (pago_id, cliente_id, fecha, precio) values (176, 101, '2020-01-13 09:19:04', 115.69);
insert into pagos (pago_id, cliente_id, fecha, precio) values (177, 105, '2020-07-14 03:00:24', 83.21);
insert into pagos (pago_id, cliente_id, fecha, precio) values (178, 109, '2019-11-17 08:40:21', 209.22);
insert into pagos (pago_id, cliente_id, fecha, precio) values (179, 113, '2020-04-18 20:07:18', 266.83);
insert into pagos (pago_id, cliente_id, fecha, precio) values (180, 117, '2020-04-01 23:53:55', 66.47);
insert into pagos (pago_id, cliente_id, fecha, precio) values (181, 121, '2020-07-04 04:27:59', 228.38);
insert into pagos (pago_id, cliente_id, fecha, precio) values (182, 125, '2019-10-24 11:54:54', 175.67);
insert into pagos (pago_id, cliente_id, fecha, precio) values (183, 129, '2020-05-05 21:28:22', 161.74);
insert into pagos (pago_id, cliente_id, fecha, precio) values (184, 133, '2020-07-17 21:58:42', 192.87);
insert into pagos (pago_id, cliente_id, fecha, precio) values (185, 137, '2019-09-26 18:37:16', 223.45);
insert into pagos (pago_id, cliente_id, fecha, precio) values (186, 141, '2020-03-08 05:49:56', 196.16);
insert into pagos (pago_id, cliente_id, fecha, precio) values (187, 145, '2020-05-19 12:34:04', 149.37);
insert into pagos (pago_id, cliente_id, fecha, precio) values (188, 149, '2019-10-03 03:16:40', 116.92);
insert into pagos (pago_id, cliente_id, fecha, precio) values (189, 153, '2020-01-02 18:21:32', 226.08);
insert into pagos (pago_id, cliente_id, fecha, precio) values (190, 157, '2019-11-23 22:04:02', 52.57);
insert into pagos (pago_id, cliente_id, fecha, precio) values (191, 161, '2020-01-16 05:16:46', 156.58);
insert into pagos (pago_id, cliente_id, fecha, precio) values (192, 165, '2020-02-05 17:33:37', 206.31);
insert into pagos (pago_id, cliente_id, fecha, precio) values (193, 169, '2019-12-27 07:17:28', 283.07);
insert into pagos (pago_id, cliente_id, fecha, precio) values (194, 173, '2019-09-10 04:17:50', 68.61);
insert into pagos (pago_id, cliente_id, fecha, precio) values (195, 177, '2020-07-25 19:15:34', 74.7);
insert into pagos (pago_id, cliente_id, fecha, precio) values (196, 181, '2020-01-23 01:09:17', 176.96);
insert into pagos (pago_id, cliente_id, fecha, precio) values (197, 185, '2020-07-08 12:52:19', 239.02);
insert into pagos (pago_id, cliente_id, fecha, precio) values (198, 189, '2020-06-05 22:18:44', 99.79);
insert into pagos (pago_id, cliente_id, fecha, precio) values (199, 193, '2020-02-20 21:36:09', 207.08);
insert into pagos (pago_id, cliente_id, fecha, precio) values (200, 197, '2020-01-17 12:04:09', 182.11);

--*************************************************************************************************************************

insert into factura (factura_id, cliente_id, pago_id, empleado_id, fecha) values (1, 1, 1, 1, '2019-11-08 11:46:13');
insert into factura (factura_id, cliente_id, pago_id, empleado_id, fecha) values (2, 8, 6, 5, '2020-03-31 11:55:01');
insert into factura (factura_id, cliente_id, pago_id, empleado_id, fecha) values (3, 15, 11, 9, '2019-12-30 19:43:46');
insert into factura (factura_id, cliente_id, pago_id, empleado_id, fecha) values (4, 22, 16, 13, '2020-05-18 19:45:12');
insert into factura (factura_id, cliente_id, pago_id, empleado_id, fecha) values (5, 29, 21, 17, '2020-02-25 22:39:10');
insert into factura (factura_id, cliente_id, pago_id, empleado_id, fecha) values (6, 36, 26, 21, '2020-02-04 11:52:28');
insert into factura (factura_id, cliente_id, pago_id, empleado_id, fecha) values (7, 43, 31, 25, '2020-02-07 01:32:31');
insert into factura (factura_id, cliente_id, pago_id, empleado_id, fecha) values (8, 50, 36, 29, '2019-12-09 23:48:08');
insert into factura (factura_id, cliente_id, pago_id, empleado_id, fecha) values (9, 57, 41, 33, '2020-03-02 10:07:03');
insert into factura (factura_id, cliente_id, pago_id, empleado_id, fecha) values (10, 64, 46, 37, '2020-01-15 12:04:22');
insert into factura (factura_id, cliente_id, pago_id, empleado_id, fecha) values (11, 71, 51, 41, '2020-08-31 10:04:42');
insert into factura (factura_id, cliente_id, pago_id, empleado_id, fecha) values (12, 78, 56, 45, '2019-11-14 17:03:24');
insert into factura (factura_id, cliente_id, pago_id, empleado_id, fecha) values (13, 85, 61, 49, '2019-09-26 10:22:10');
insert into factura (factura_id, cliente_id, pago_id, empleado_id, fecha) values (14, 92, 66, 53, '2020-07-08 22:22:43');
insert into factura (factura_id, cliente_id, pago_id, empleado_id, fecha) values (15, 99, 71, 57, '2020-03-22 00:30:29');
insert into factura (factura_id, cliente_id, pago_id, empleado_id, fecha) values (16, 106, 76, 61, '2020-05-12 17:04:40');
insert into factura (factura_id, cliente_id, pago_id, empleado_id, fecha) values (17, 113, 81, 65, '2020-04-08 17:04:39');
insert into factura (factura_id, cliente_id, pago_id, empleado_id, fecha) values (18, 120, 86, 69, '2020-04-03 12:44:35');
insert into factura (factura_id, cliente_id, pago_id, empleado_id, fecha) values (19, 127, 91, 73, '2020-01-18 04:22:21');
insert into factura (factura_id, cliente_id, pago_id, empleado_id, fecha) values (20, 134, 96, 77, '2020-03-13 15:53:00');
insert into factura (factura_id, cliente_id, pago_id, empleado_id, fecha) values (21, 141, 101, 81, '2020-04-15 08:25:52');
insert into factura (factura_id, cliente_id, pago_id, empleado_id, fecha) values (22, 148, 106, 85, '2019-09-10 06:26:38');
insert into factura (factura_id, cliente_id, pago_id, empleado_id, fecha) values (23, 155, 111, 89, '2020-06-13 02:58:32');
insert into factura (factura_id, cliente_id, pago_id, empleado_id, fecha) values (24, 162, 116, 93, '2020-03-22 15:05:21');
insert into factura (factura_id, cliente_id, pago_id, empleado_id, fecha) values (25, 169, 121, 97, '2020-08-30 02:38:53');
insert into factura (factura_id, cliente_id, pago_id, empleado_id, fecha) values (26, 176, 126, 1, '2019-10-24 05:56:27');
insert into factura (factura_id, cliente_id, pago_id, empleado_id, fecha) values (27, 183, 131, 5, '2019-10-04 02:01:30');
insert into factura (factura_id, cliente_id, pago_id, empleado_id, fecha) values (28, 190, 136, 9, '2020-08-25 23:29:04');
insert into factura (factura_id, cliente_id, pago_id, empleado_id, fecha) values (29, 197, 141, 13, '2019-10-14 12:53:20');
insert into factura (factura_id, cliente_id, pago_id, empleado_id, fecha) values (30, 4, 146, 17, '2020-03-14 05:03:16');
insert into factura (factura_id, cliente_id, pago_id, empleado_id, fecha) values (31, 11, 151, 21, '2020-09-02 05:23:58');
insert into factura (factura_id, cliente_id, pago_id, empleado_id, fecha) values (32, 18, 156, 25, '2020-07-04 21:36:41');
insert into factura (factura_id, cliente_id, pago_id, empleado_id, fecha) values (33, 25, 161, 29, '2020-04-21 12:15:26');
insert into factura (factura_id, cliente_id, pago_id, empleado_id, fecha) values (34, 32, 166, 33, '2019-09-25 03:48:49');
insert into factura (factura_id, cliente_id, pago_id, empleado_id, fecha) values (35, 39, 171, 37, '2019-09-17 04:30:46');
insert into factura (factura_id, cliente_id, pago_id, empleado_id, fecha) values (36, 46, 176, 41, '2020-05-10 13:34:45');
insert into factura (factura_id, cliente_id, pago_id, empleado_id, fecha) values (37, 53, 181, 45, '2020-04-24 10:35:57');
insert into factura (factura_id, cliente_id, pago_id, empleado_id, fecha) values (38, 60, 186, 49, '2019-11-05 13:59:01');
insert into factura (factura_id, cliente_id, pago_id, empleado_id, fecha) values (39, 67, 191, 53, '2019-10-22 17:06:30');
insert into factura (factura_id, cliente_id, pago_id, empleado_id, fecha) values (40, 74, 196, 57, '2019-12-16 00:34:09');
insert into factura (factura_id, cliente_id, pago_id, empleado_id, fecha) values (41, 81, 1, 61, '2020-08-25 08:18:56');
insert into factura (factura_id, cliente_id, pago_id, empleado_id, fecha) values (42, 88, 6, 65, '2020-04-12 02:30:37');
insert into factura (factura_id, cliente_id, pago_id, empleado_id, fecha) values (43, 95, 11, 69, '2020-01-15 20:49:48');
insert into factura (factura_id, cliente_id, pago_id, empleado_id, fecha) values (44, 102, 16, 73, '2020-08-25 10:48:23');
insert into factura (factura_id, cliente_id, pago_id, empleado_id, fecha) values (45, 109, 21, 77, '2019-11-26 22:43:11');
insert into factura (factura_id, cliente_id, pago_id, empleado_id, fecha) values (46, 116, 26, 81, '2020-03-23 17:26:07');
insert into factura (factura_id, cliente_id, pago_id, empleado_id, fecha) values (47, 123, 31, 85, '2019-11-17 20:03:37');
insert into factura (factura_id, cliente_id, pago_id, empleado_id, fecha) values (48, 130, 36, 89, '2020-06-10 06:58:04');
insert into factura (factura_id, cliente_id, pago_id, empleado_id, fecha) values (49, 137, 41, 93, '2020-01-22 14:44:51');
insert into factura (factura_id, cliente_id, pago_id, empleado_id, fecha) values (50, 144, 46, 97, '2020-05-30 20:49:32');
insert into factura (factura_id, cliente_id, pago_id, empleado_id, fecha) values (51, 151, 51, 1, '2020-03-18 02:16:23');
insert into factura (factura_id, cliente_id, pago_id, empleado_id, fecha) values (52, 158, 56, 5, '2019-11-01 21:54:29');
insert into factura (factura_id, cliente_id, pago_id, empleado_id, fecha) values (53, 165, 61, 9, '2019-11-16 14:02:19');
insert into factura (factura_id, cliente_id, pago_id, empleado_id, fecha) values (54, 172, 66, 13, '2020-03-25 18:09:51');
insert into factura (factura_id, cliente_id, pago_id, empleado_id, fecha) values (55, 179, 71, 17, '2020-03-20 19:24:56');
insert into factura (factura_id, cliente_id, pago_id, empleado_id, fecha) values (56, 186, 76, 21, '2020-04-03 14:22:51');
insert into factura (factura_id, cliente_id, pago_id, empleado_id, fecha) values (57, 193, 81, 25, '2020-03-03 22:12:53');
insert into factura (factura_id, cliente_id, pago_id, empleado_id, fecha) values (58, 200, 86, 29, '2020-05-09 07:52:58');
insert into factura (factura_id, cliente_id, pago_id, empleado_id, fecha) values (59, 7, 91, 33, '2020-04-22 07:27:06');
insert into factura (factura_id, cliente_id, pago_id, empleado_id, fecha) values (60, 14, 96, 37, '2019-12-14 09:07:06');
insert into factura (factura_id, cliente_id, pago_id, empleado_id, fecha) values (61, 21, 101, 41, '2020-08-17 01:42:50');
insert into factura (factura_id, cliente_id, pago_id, empleado_id, fecha) values (62, 28, 106, 45, '2020-01-19 06:42:40');
insert into factura (factura_id, cliente_id, pago_id, empleado_id, fecha) values (63, 35, 111, 49, '2020-07-26 20:16:16');
insert into factura (factura_id, cliente_id, pago_id, empleado_id, fecha) values (64, 42, 116, 53, '2020-09-02 18:19:45');
insert into factura (factura_id, cliente_id, pago_id, empleado_id, fecha) values (65, 49, 121, 57, '2020-06-20 21:26:29');
insert into factura (factura_id, cliente_id, pago_id, empleado_id, fecha) values (66, 56, 126, 61, '2020-06-19 17:41:55');
insert into factura (factura_id, cliente_id, pago_id, empleado_id, fecha) values (67, 63, 131, 65, '2020-08-22 06:48:03');
insert into factura (factura_id, cliente_id, pago_id, empleado_id, fecha) values (68, 70, 136, 69, '2020-04-01 20:49:25');
insert into factura (factura_id, cliente_id, pago_id, empleado_id, fecha) values (69, 77, 141, 73, '2019-10-14 16:22:53');
insert into factura (factura_id, cliente_id, pago_id, empleado_id, fecha) values (70, 84, 146, 77, '2019-12-02 08:41:21');
insert into factura (factura_id, cliente_id, pago_id, empleado_id, fecha) values (71, 91, 151, 81, '2020-01-31 20:46:42');
insert into factura (factura_id, cliente_id, pago_id, empleado_id, fecha) values (72, 98, 156, 85, '2020-05-08 12:13:49');
insert into factura (factura_id, cliente_id, pago_id, empleado_id, fecha) values (73, 105, 161, 89, '2019-09-26 04:07:49');
insert into factura (factura_id, cliente_id, pago_id, empleado_id, fecha) values (74, 112, 166, 93, '2019-11-10 00:15:38');
insert into factura (factura_id, cliente_id, pago_id, empleado_id, fecha) values (75, 119, 171, 97, '2020-06-22 13:10:47');
insert into factura (factura_id, cliente_id, pago_id, empleado_id, fecha) values (76, 126, 176, 1, '2019-12-27 12:47:41');
insert into factura (factura_id, cliente_id, pago_id, empleado_id, fecha) values (77, 133, 181, 5, '2020-08-30 00:21:32');
insert into factura (factura_id, cliente_id, pago_id, empleado_id, fecha) values (78, 140, 186, 9, '2020-01-15 21:14:02');
insert into factura (factura_id, cliente_id, pago_id, empleado_id, fecha) values (79, 147, 191, 13, '2020-02-08 21:17:26');
insert into factura (factura_id, cliente_id, pago_id, empleado_id, fecha) values (80, 154, 196, 17, '2020-03-01 13:28:54');
insert into factura (factura_id, cliente_id, pago_id, empleado_id, fecha) values (81, 161, 1, 21, '2019-12-30 20:20:48');
insert into factura (factura_id, cliente_id, pago_id, empleado_id, fecha) values (82, 168, 6, 25, '2020-06-24 06:27:36');
insert into factura (factura_id, cliente_id, pago_id, empleado_id, fecha) values (83, 175, 11, 29, '2019-12-16 00:58:51');
insert into factura (factura_id, cliente_id, pago_id, empleado_id, fecha) values (84, 182, 16, 33, '2020-07-20 07:27:56');
insert into factura (factura_id, cliente_id, pago_id, empleado_id, fecha) values (85, 189, 21, 37, '2019-10-30 03:13:28');
insert into factura (factura_id, cliente_id, pago_id, empleado_id, fecha) values (86, 196, 26, 41, '2020-06-27 06:12:47');
insert into factura (factura_id, cliente_id, pago_id, empleado_id, fecha) values (87, 3, 31, 45, '2020-07-31 06:12:56');
insert into factura (factura_id, cliente_id, pago_id, empleado_id, fecha) values (88, 10, 36, 49, '2020-01-23 06:35:47');
insert into factura (factura_id, cliente_id, pago_id, empleado_id, fecha) values (89, 17, 41, 53, '2020-01-07 15:46:22');
insert into factura (factura_id, cliente_id, pago_id, empleado_id, fecha) values (90, 24, 46, 57, '2019-12-24 08:14:46');
insert into factura (factura_id, cliente_id, pago_id, empleado_id, fecha) values (91, 31, 51, 61, '2019-09-30 10:00:47');
insert into factura (factura_id, cliente_id, pago_id, empleado_id, fecha) values (92, 38, 56, 65, '2020-07-07 06:56:09');
insert into factura (factura_id, cliente_id, pago_id, empleado_id, fecha) values (93, 45, 61, 69, '2020-03-23 08:34:37');
insert into factura (factura_id, cliente_id, pago_id, empleado_id, fecha) values (94, 52, 66, 73, '2020-06-12 02:43:35');
insert into factura (factura_id, cliente_id, pago_id, empleado_id, fecha) values (95, 59, 71, 77, '2020-01-08 10:13:20');
insert into factura (factura_id, cliente_id, pago_id, empleado_id, fecha) values (96, 66, 76, 81, '2020-07-06 17:31:07');
insert into factura (factura_id, cliente_id, pago_id, empleado_id, fecha) values (97, 73, 81, 85, '2019-09-20 12:40:37');
insert into factura (factura_id, cliente_id, pago_id, empleado_id, fecha) values (98, 80, 86, 89, '2019-11-08 15:26:37');
insert into factura (factura_id, cliente_id, pago_id, empleado_id, fecha) values (99, 87, 91, 93, '2020-08-11 12:02:57');
insert into factura (factura_id, cliente_id, pago_id, empleado_id, fecha) values (100, 94, 96, 97, '2020-04-23 20:26:29');
insert into factura (factura_id, cliente_id, pago_id, empleado_id, fecha) values (101, 101, 101, 1, '2019-09-24 06:54:53');
insert into factura (factura_id, cliente_id, pago_id, empleado_id, fecha) values (102, 108, 106, 5, '2020-06-19 06:01:26');
insert into factura (factura_id, cliente_id, pago_id, empleado_id, fecha) values (103, 115, 111, 9, '2020-02-17 20:26:05');
insert into factura (factura_id, cliente_id, pago_id, empleado_id, fecha) values (104, 122, 116, 13, '2019-11-17 11:27:12');
insert into factura (factura_id, cliente_id, pago_id, empleado_id, fecha) values (105, 129, 121, 17, '2020-09-04 13:33:47');
insert into factura (factura_id, cliente_id, pago_id, empleado_id, fecha) values (106, 136, 126, 21, '2020-02-09 07:20:13');
insert into factura (factura_id, cliente_id, pago_id, empleado_id, fecha) values (107, 143, 131, 25, '2020-01-16 23:36:58');
insert into factura (factura_id, cliente_id, pago_id, empleado_id, fecha) values (108, 150, 136, 29, '2019-12-17 22:43:03');
insert into factura (factura_id, cliente_id, pago_id, empleado_id, fecha) values (109, 157, 141, 33, '2020-04-24 00:29:35');
insert into factura (factura_id, cliente_id, pago_id, empleado_id, fecha) values (110, 164, 146, 37, '2020-04-07 20:07:56');
insert into factura (factura_id, cliente_id, pago_id, empleado_id, fecha) values (111, 171, 151, 41, '2019-12-17 20:11:20');
insert into factura (factura_id, cliente_id, pago_id, empleado_id, fecha) values (112, 178, 156, 45, '2020-05-22 22:15:00');
insert into factura (factura_id, cliente_id, pago_id, empleado_id, fecha) values (113, 185, 161, 49, '2020-05-08 09:47:23');
insert into factura (factura_id, cliente_id, pago_id, empleado_id, fecha) values (114, 192, 166, 53, '2020-08-14 12:17:19');
insert into factura (factura_id, cliente_id, pago_id, empleado_id, fecha) values (115, 199, 171, 57, '2019-11-23 22:11:38');
insert into factura (factura_id, cliente_id, pago_id, empleado_id, fecha) values (116, 6, 176, 61, '2020-07-13 12:03:35');
insert into factura (factura_id, cliente_id, pago_id, empleado_id, fecha) values (117, 13, 181, 65, '2020-03-09 12:49:26');
insert into factura (factura_id, cliente_id, pago_id, empleado_id, fecha) values (118, 20, 186, 69, '2019-09-11 22:48:35');
insert into factura (factura_id, cliente_id, pago_id, empleado_id, fecha) values (119, 27, 191, 73, '2020-01-30 21:58:42');
insert into factura (factura_id, cliente_id, pago_id, empleado_id, fecha) values (120, 34, 196, 77, '2020-04-01 15:44:09');
insert into factura (factura_id, cliente_id, pago_id, empleado_id, fecha) values (121, 41, 1, 81, '2019-11-01 18:18:14');
insert into factura (factura_id, cliente_id, pago_id, empleado_id, fecha) values (122, 48, 6, 85, '2020-07-17 17:23:13');
insert into factura (factura_id, cliente_id, pago_id, empleado_id, fecha) values (123, 55, 11, 89, '2020-02-08 07:07:33');
insert into factura (factura_id, cliente_id, pago_id, empleado_id, fecha) values (124, 62, 16, 93, '2019-10-21 21:20:46');
insert into factura (factura_id, cliente_id, pago_id, empleado_id, fecha) values (125, 69, 21, 97, '2019-11-11 23:56:25');
insert into factura (factura_id, cliente_id, pago_id, empleado_id, fecha) values (126, 76, 26, 1, '2019-11-16 21:25:09');
insert into factura (factura_id, cliente_id, pago_id, empleado_id, fecha) values (127, 83, 31, 5, '2020-08-28 01:02:29');
insert into factura (factura_id, cliente_id, pago_id, empleado_id, fecha) values (128, 90, 36, 9, '2019-11-05 14:34:26');
insert into factura (factura_id, cliente_id, pago_id, empleado_id, fecha) values (129, 97, 41, 13, '2020-05-05 15:04:38');
insert into factura (factura_id, cliente_id, pago_id, empleado_id, fecha) values (130, 104, 46, 17, '2020-01-29 14:56:44');
insert into factura (factura_id, cliente_id, pago_id, empleado_id, fecha) values (131, 111, 51, 21, '2020-01-14 21:33:09');
insert into factura (factura_id, cliente_id, pago_id, empleado_id, fecha) values (132, 118, 56, 25, '2020-08-06 08:08:57');
insert into factura (factura_id, cliente_id, pago_id, empleado_id, fecha) values (133, 125, 61, 29, '2019-10-27 07:18:28');
insert into factura (factura_id, cliente_id, pago_id, empleado_id, fecha) values (134, 132, 66, 33, '2020-08-20 02:58:33');
insert into factura (factura_id, cliente_id, pago_id, empleado_id, fecha) values (135, 139, 71, 37, '2019-10-08 12:57:12');
insert into factura (factura_id, cliente_id, pago_id, empleado_id, fecha) values (136, 146, 76, 41, '2020-05-23 16:22:58');
insert into factura (factura_id, cliente_id, pago_id, empleado_id, fecha) values (137, 153, 81, 45, '2020-08-01 02:47:49');
insert into factura (factura_id, cliente_id, pago_id, empleado_id, fecha) values (138, 160, 86, 49, '2019-12-30 06:53:18');
insert into factura (factura_id, cliente_id, pago_id, empleado_id, fecha) values (139, 167, 91, 53, '2020-05-27 01:57:36');
insert into factura (factura_id, cliente_id, pago_id, empleado_id, fecha) values (140, 174, 96, 57, '2020-07-15 18:17:36');
insert into factura (factura_id, cliente_id, pago_id, empleado_id, fecha) values (141, 181, 101, 61, '2020-03-12 16:22:26');
insert into factura (factura_id, cliente_id, pago_id, empleado_id, fecha) values (142, 188, 106, 65, '2020-01-14 12:33:09');
insert into factura (factura_id, cliente_id, pago_id, empleado_id, fecha) values (143, 195, 111, 69, '2019-09-12 17:57:49');
insert into factura (factura_id, cliente_id, pago_id, empleado_id, fecha) values (144, 2, 116, 73, '2019-10-30 14:04:52');
insert into factura (factura_id, cliente_id, pago_id, empleado_id, fecha) values (145, 9, 121, 77, '2019-12-01 15:37:57');
insert into factura (factura_id, cliente_id, pago_id, empleado_id, fecha) values (146, 16, 126, 81, '2020-01-23 08:27:38');
insert into factura (factura_id, cliente_id, pago_id, empleado_id, fecha) values (147, 23, 131, 85, '2020-05-28 18:39:13');
insert into factura (factura_id, cliente_id, pago_id, empleado_id, fecha) values (148, 30, 136, 89, '2020-05-05 07:51:08');
insert into factura (factura_id, cliente_id, pago_id, empleado_id, fecha) values (149, 37, 141, 93, '2019-11-17 18:28:27');
insert into factura (factura_id, cliente_id, pago_id, empleado_id, fecha) values (150, 44, 146, 97, '2019-11-24 19:04:41');
insert into factura (factura_id, cliente_id, pago_id, empleado_id, fecha) values (151, 51, 151, 1, '2020-03-06 15:10:30');
insert into factura (factura_id, cliente_id, pago_id, empleado_id, fecha) values (152, 58, 156, 5, '2020-06-01 10:26:36');
insert into factura (factura_id, cliente_id, pago_id, empleado_id, fecha) values (153, 65, 161, 9, '2020-02-24 07:55:25');
insert into factura (factura_id, cliente_id, pago_id, empleado_id, fecha) values (154, 72, 166, 13, '2019-09-13 22:52:55');
insert into factura (factura_id, cliente_id, pago_id, empleado_id, fecha) values (155, 79, 171, 17, '2020-01-16 06:09:05');
insert into factura (factura_id, cliente_id, pago_id, empleado_id, fecha) values (156, 86, 176, 21, '2020-04-28 03:00:33');
insert into factura (factura_id, cliente_id, pago_id, empleado_id, fecha) values (157, 93, 181, 25, '2020-03-30 09:19:22');
insert into factura (factura_id, cliente_id, pago_id, empleado_id, fecha) values (158, 100, 186, 29, '2020-09-03 17:54:32');
insert into factura (factura_id, cliente_id, pago_id, empleado_id, fecha) values (159, 107, 191, 33, '2019-12-11 22:20:44');
insert into factura (factura_id, cliente_id, pago_id, empleado_id, fecha) values (160, 114, 196, 37, '2020-07-15 17:13:44');
insert into factura (factura_id, cliente_id, pago_id, empleado_id, fecha) values (161, 121, 1, 41, '2020-02-09 05:33:25');
insert into factura (factura_id, cliente_id, pago_id, empleado_id, fecha) values (162, 128, 6, 45, '2020-05-27 07:51:22');
insert into factura (factura_id, cliente_id, pago_id, empleado_id, fecha) values (163, 135, 11, 49, '2020-06-15 12:12:17');
insert into factura (factura_id, cliente_id, pago_id, empleado_id, fecha) values (164, 142, 16, 53, '2019-11-01 15:23:08');
insert into factura (factura_id, cliente_id, pago_id, empleado_id, fecha) values (165, 149, 21, 57, '2020-03-06 16:45:00');
insert into factura (factura_id, cliente_id, pago_id, empleado_id, fecha) values (166, 156, 26, 61, '2020-07-04 13:17:43');
insert into factura (factura_id, cliente_id, pago_id, empleado_id, fecha) values (167, 163, 31, 65, '2020-02-19 21:56:34');
insert into factura (factura_id, cliente_id, pago_id, empleado_id, fecha) values (168, 170, 36, 69, '2019-11-23 00:27:52');
insert into factura (factura_id, cliente_id, pago_id, empleado_id, fecha) values (169, 177, 41, 73, '2020-01-14 06:08:37');
insert into factura (factura_id, cliente_id, pago_id, empleado_id, fecha) values (170, 184, 46, 77, '2020-04-11 19:49:34');
insert into factura (factura_id, cliente_id, pago_id, empleado_id, fecha) values (171, 191, 51, 81, '2020-01-04 13:28:47');
insert into factura (factura_id, cliente_id, pago_id, empleado_id, fecha) values (172, 198, 56, 85, '2020-09-02 08:34:11');
insert into factura (factura_id, cliente_id, pago_id, empleado_id, fecha) values (173, 5, 61, 89, '2019-12-20 12:46:02');
insert into factura (factura_id, cliente_id, pago_id, empleado_id, fecha) values (174, 12, 66, 93, '2020-08-01 04:00:09');
insert into factura (factura_id, cliente_id, pago_id, empleado_id, fecha) values (175, 19, 71, 97, '2020-05-03 03:32:45');
insert into factura (factura_id, cliente_id, pago_id, empleado_id, fecha) values (176, 26, 76, 1, '2020-01-27 10:46:22');
insert into factura (factura_id, cliente_id, pago_id, empleado_id, fecha) values (177, 33, 81, 5, '2020-03-03 07:00:57');
insert into factura (factura_id, cliente_id, pago_id, empleado_id, fecha) values (178, 40, 86, 9, '2019-11-16 19:59:41');
insert into factura (factura_id, cliente_id, pago_id, empleado_id, fecha) values (179, 47, 91, 13, '2020-08-12 09:58:22');
insert into factura (factura_id, cliente_id, pago_id, empleado_id, fecha) values (180, 54, 96, 17, '2019-11-10 20:33:28');
insert into factura (factura_id, cliente_id, pago_id, empleado_id, fecha) values (181, 61, 101, 21, '2019-10-28 03:06:14');
insert into factura (factura_id, cliente_id, pago_id, empleado_id, fecha) values (182, 68, 106, 25, '2020-08-23 21:12:51');
insert into factura (factura_id, cliente_id, pago_id, empleado_id, fecha) values (183, 75, 111, 29, '2020-08-24 19:10:20');
insert into factura (factura_id, cliente_id, pago_id, empleado_id, fecha) values (184, 82, 116, 33, '2020-03-15 20:40:25');
insert into factura (factura_id, cliente_id, pago_id, empleado_id, fecha) values (185, 89, 121, 37, '2020-08-05 23:22:56');
insert into factura (factura_id, cliente_id, pago_id, empleado_id, fecha) values (186, 96, 126, 41, '2020-03-06 17:42:37');
insert into factura (factura_id, cliente_id, pago_id, empleado_id, fecha) values (187, 103, 131, 45, '2020-06-19 09:33:14');
insert into factura (factura_id, cliente_id, pago_id, empleado_id, fecha) values (188, 110, 136, 49, '2020-06-03 11:02:19');
insert into factura (factura_id, cliente_id, pago_id, empleado_id, fecha) values (189, 117, 141, 53, '2020-03-30 04:58:30');
insert into factura (factura_id, cliente_id, pago_id, empleado_id, fecha) values (190, 124, 146, 57, '2020-07-14 18:32:45');
insert into factura (factura_id, cliente_id, pago_id, empleado_id, fecha) values (191, 131, 151, 61, '2020-05-09 00:39:23');
insert into factura (factura_id, cliente_id, pago_id, empleado_id, fecha) values (192, 138, 156, 65, '2020-04-02 04:33:16');
insert into factura (factura_id, cliente_id, pago_id, empleado_id, fecha) values (193, 145, 161, 69, '2020-01-25 22:20:55');
insert into factura (factura_id, cliente_id, pago_id, empleado_id, fecha) values (194, 152, 166, 73, '2020-01-03 16:35:14');
insert into factura (factura_id, cliente_id, pago_id, empleado_id, fecha) values (195, 159, 171, 77, '2020-02-01 07:12:39');
insert into factura (factura_id, cliente_id, pago_id, empleado_id, fecha) values (196, 166, 176, 81, '2019-09-15 18:24:02');
insert into factura (factura_id, cliente_id, pago_id, empleado_id, fecha) values (197, 173, 181, 85, '2019-11-08 16:39:17');
insert into factura (factura_id, cliente_id, pago_id, empleado_id, fecha) values (198, 180, 186, 89, '2019-12-13 02:44:43');
insert into factura (factura_id, cliente_id, pago_id, empleado_id, fecha) values (199, 187, 191, 93, '2020-06-15 14:32:23');
insert into factura (factura_id, cliente_id, pago_id, empleado_id, fecha) values (200, 194, 196, 97, '2020-03-08 23:45:21');

insert into factura (factura_id, cliente_id, pago_id, empleado_id, fecha) values (201, 75, 111, 29, '2020-08-24 19:10:20');
insert into factura (factura_id, cliente_id, pago_id, empleado_id, fecha) values (202, 75, 116, 29, '2020-03-15 20:40:25');
insert into factura (factura_id, cliente_id, pago_id, empleado_id, fecha) values (203, 75, 121, 29, '2020-08-05 23:22:56');
insert into factura (factura_id, cliente_id, pago_id, empleado_id, fecha) values (204, 75, 126, 29, '2020-03-06 17:42:37');
insert into factura (factura_id, cliente_id, pago_id, empleado_id, fecha) values (205, 103, 131, 45, '2020-06-19 09:33:14');
insert into factura (factura_id, cliente_id, pago_id, empleado_id, fecha) values (206, 103, 136, 45, '2020-06-03 11:02:19');
insert into factura (factura_id, cliente_id, pago_id, empleado_id, fecha) values (207, 103, 141, 45, '2020-03-30 04:58:30');
insert into factura (factura_id, cliente_id, pago_id, empleado_id, fecha) values (208, 124, 146, 45, '2020-07-14 18:32:45');
insert into factura (factura_id, cliente_id, pago_id, empleado_id, fecha) values (209, 124, 151, 65, '2020-05-09 00:39:23');
insert into factura (factura_id, cliente_id, pago_id, empleado_id, fecha) values (210, 138, 156, 65, '2020-04-02 04:33:16');
insert into factura (factura_id, cliente_id, pago_id, empleado_id, fecha) values (211, 138, 161, 65, '2020-01-25 22:20:55');
insert into factura (factura_id, cliente_id, pago_id, empleado_id, fecha) values (212, 138, 166, 65, '2020-01-03 16:35:14');
insert into factura (factura_id, cliente_id, pago_id, empleado_id, fecha) values (213, 138, 171, 65, '2020-02-01 07:12:39');
insert into factura (factura_id, cliente_id, pago_id, empleado_id, fecha) values (214, 138, 176, 81, '2019-09-15 18:24:02');
insert into factura (factura_id, cliente_id, pago_id, empleado_id, fecha) values (215, 124, 181, 81, '2019-11-08 16:39:17');
insert into factura (factura_id, cliente_id, pago_id, empleado_id, fecha) values (216, 180, 186, 81, '2019-12-13 02:44:43');
insert into factura (factura_id, cliente_id, pago_id, empleado_id, fecha) values (217, 180, 191, 93, '2020-06-15 14:32:23');
insert into factura (factura_id, cliente_id, pago_id, empleado_id, fecha) values (218, 180, 196, 93, '2020-03-08 23:45:21');

--***************************************************************************************************************************

insert into detalles_factura (factura_id, reserva_id, registro_id) values (1, 1, 1);
insert into detalles_factura (factura_id, reserva_id, registro_id) values (8, 6, 5);
insert into detalles_factura (factura_id, reserva_id, registro_id) values (15, 11, 9);
insert into detalles_factura (factura_id, reserva_id, registro_id) values (22, 16, 13);
insert into detalles_factura (factura_id, reserva_id, registro_id) values (29, 21, 17);
insert into detalles_factura (factura_id, reserva_id, registro_id) values (36, 26, 21);
insert into detalles_factura (factura_id, reserva_id, registro_id) values (43, 31, 25);
insert into detalles_factura (factura_id, reserva_id, registro_id) values (50, 36, 29);
insert into detalles_factura (factura_id, reserva_id, registro_id) values (57, 41, 33);
insert into detalles_factura (factura_id, reserva_id, registro_id) values (64, 46, 37);
insert into detalles_factura (factura_id, reserva_id, registro_id) values (71, 51, 41);
insert into detalles_factura (factura_id, reserva_id, registro_id) values (78, 56, 45);
insert into detalles_factura (factura_id, reserva_id, registro_id) values (85, 61, 49);
insert into detalles_factura (factura_id, reserva_id, registro_id) values (92, 66, 53);
insert into detalles_factura (factura_id, reserva_id, registro_id) values (99, 71, 57);
insert into detalles_factura (factura_id, reserva_id, registro_id) values (106, 76, 61);
insert into detalles_factura (factura_id, reserva_id, registro_id) values (113, 81, 65);
insert into detalles_factura (factura_id, reserva_id, registro_id) values (120, 86, 69);
insert into detalles_factura (factura_id, reserva_id, registro_id) values (127, 91, 73);
insert into detalles_factura (factura_id, reserva_id, registro_id) values (134, 96, 77);
insert into detalles_factura (factura_id, reserva_id, registro_id) values (141, 101, 81);
insert into detalles_factura (factura_id, reserva_id, registro_id) values (148, 106, 85);
insert into detalles_factura (factura_id, reserva_id, registro_id) values (155, 111, 89);
insert into detalles_factura (factura_id, reserva_id, registro_id) values (162, 116, 93);
insert into detalles_factura (factura_id, reserva_id, registro_id) values (169, 121, 97);
insert into detalles_factura (factura_id, reserva_id, registro_id) values (176, 126, 101);
insert into detalles_factura (factura_id, reserva_id, registro_id) values (183, 131, 105);
insert into detalles_factura (factura_id, reserva_id, registro_id) values (190, 136, 109);
insert into detalles_factura (factura_id, reserva_id, registro_id) values (197, 141, 113);
insert into detalles_factura (factura_id, reserva_id, registro_id) values (4, 146, 117);
insert into detalles_factura (factura_id, reserva_id, registro_id) values (11, 151, 121);
insert into detalles_factura (factura_id, reserva_id, registro_id) values (18, 156, 125);
insert into detalles_factura (factura_id, reserva_id, registro_id) values (25, 161, 129);
insert into detalles_factura (factura_id, reserva_id, registro_id) values (32, 166, 133);
insert into detalles_factura (factura_id, reserva_id, registro_id) values (39, 171, 137);
insert into detalles_factura (factura_id, reserva_id, registro_id) values (46, 176, 141);
insert into detalles_factura (factura_id, reserva_id, registro_id) values (53, 181, 145);
insert into detalles_factura (factura_id, reserva_id, registro_id) values (60, 186, 149);
insert into detalles_factura (factura_id, reserva_id, registro_id) values (67, 191, 153);
insert into detalles_factura (factura_id, reserva_id, registro_id) values (74, 196, 157);
insert into detalles_factura (factura_id, reserva_id, registro_id) values (81, 201, 161);
insert into detalles_factura (factura_id, reserva_id, registro_id) values (88, 206, 165);
insert into detalles_factura (factura_id, reserva_id, registro_id) values (95, 211, 169);
insert into detalles_factura (factura_id, reserva_id, registro_id) values (102, 216, 173);
insert into detalles_factura (factura_id, reserva_id, registro_id) values (109, 221, 177);
insert into detalles_factura (factura_id, reserva_id, registro_id) values (116, 226, 181);
insert into detalles_factura (factura_id, reserva_id, registro_id) values (123, 231, 185);
insert into detalles_factura (factura_id, reserva_id, registro_id) values (130, 236, 189);
insert into detalles_factura (factura_id, reserva_id, registro_id) values (137, 241, 193);
insert into detalles_factura (factura_id, reserva_id, registro_id) values (144, 246, 197);
insert into detalles_factura (factura_id, reserva_id, registro_id) values (151, 1, 201);
insert into detalles_factura (factura_id, reserva_id, registro_id) values (158, 6, 205);
insert into detalles_factura (factura_id, reserva_id, registro_id) values (165, 11, 209);
insert into detalles_factura (factura_id, reserva_id, registro_id) values (172, 16, 213);
insert into detalles_factura (factura_id, reserva_id, registro_id) values (179, 21, 217);
insert into detalles_factura (factura_id, reserva_id, registro_id) values (186, 26, 221);
insert into detalles_factura (factura_id, reserva_id, registro_id) values (193, 31, 225);
insert into detalles_factura (factura_id, reserva_id, registro_id) values (200, 36, 229);
insert into detalles_factura (factura_id, reserva_id, registro_id) values (7, 41, 233);
insert into detalles_factura (factura_id, reserva_id, registro_id) values (14, 46, 237);
insert into detalles_factura (factura_id, reserva_id, registro_id) values (21, 51, 241);
insert into detalles_factura (factura_id, reserva_id, registro_id) values (28, 56, 245);
insert into detalles_factura (factura_id, reserva_id, registro_id) values (35, 61, 249);
insert into detalles_factura (factura_id, reserva_id, registro_id) values (42, 66, 3);
insert into detalles_factura (factura_id, reserva_id, registro_id) values (49, 71, 7);
insert into detalles_factura (factura_id, reserva_id, registro_id) values (56, 76, 11);
insert into detalles_factura (factura_id, reserva_id, registro_id) values (63, 81, 15);
insert into detalles_factura (factura_id, reserva_id, registro_id) values (70, 86, 19);
insert into detalles_factura (factura_id, reserva_id, registro_id) values (77, 91, 23);
insert into detalles_factura (factura_id, reserva_id, registro_id) values (84, 96, 27);
insert into detalles_factura (factura_id, reserva_id, registro_id) values (91, 101, 31);
insert into detalles_factura (factura_id, reserva_id, registro_id) values (98, 106, 35);
insert into detalles_factura (factura_id, reserva_id, registro_id) values (105, 111, 39);
insert into detalles_factura (factura_id, reserva_id, registro_id) values (112, 116, 43);
insert into detalles_factura (factura_id, reserva_id, registro_id) values (119, 121, 47);
insert into detalles_factura (factura_id, reserva_id, registro_id) values (126, 126, 51);
insert into detalles_factura (factura_id, reserva_id, registro_id) values (133, 131, 55);
insert into detalles_factura (factura_id, reserva_id, registro_id) values (140, 136, 59);
insert into detalles_factura (factura_id, reserva_id, registro_id) values (147, 141, 63);
insert into detalles_factura (factura_id, reserva_id, registro_id) values (154, 146, 67);
insert into detalles_factura (factura_id, reserva_id, registro_id) values (161, 151, 71);
insert into detalles_factura (factura_id, reserva_id, registro_id) values (168, 156, 75);
insert into detalles_factura (factura_id, reserva_id, registro_id) values (175, 161, 79);
insert into detalles_factura (factura_id, reserva_id, registro_id) values (182, 166, 83);
insert into detalles_factura (factura_id, reserva_id, registro_id) values (189, 171, 87);
insert into detalles_factura (factura_id, reserva_id, registro_id) values (196, 176, 91);
insert into detalles_factura (factura_id, reserva_id, registro_id) values (3, 181, 95);
insert into detalles_factura (factura_id, reserva_id, registro_id) values (10, 186, 99);
insert into detalles_factura (factura_id, reserva_id, registro_id) values (17, 191, 103);
insert into detalles_factura (factura_id, reserva_id, registro_id) values (24, 196, 107);
insert into detalles_factura (factura_id, reserva_id, registro_id) values (31, 201, 111);
insert into detalles_factura (factura_id, reserva_id, registro_id) values (38, 206, 115);
insert into detalles_factura (factura_id, reserva_id, registro_id) values (45, 211, 119);
insert into detalles_factura (factura_id, reserva_id, registro_id) values (52, 216, 123);
insert into detalles_factura (factura_id, reserva_id, registro_id) values (59, 221, 127);
insert into detalles_factura (factura_id, reserva_id, registro_id) values (66, 226, 131);
insert into detalles_factura (factura_id, reserva_id, registro_id) values (73, 231, 135);
insert into detalles_factura (factura_id, reserva_id, registro_id) values (80, 236, 139);
insert into detalles_factura (factura_id, reserva_id, registro_id) values (87, 241, 143);
insert into detalles_factura (factura_id, reserva_id, registro_id) values (94, 246, 147);
insert into detalles_factura (factura_id, reserva_id, registro_id) values (101, 1, 151);
insert into detalles_factura (factura_id, reserva_id, registro_id) values (108, 6, 155);
insert into detalles_factura (factura_id, reserva_id, registro_id) values (115, 11, 159);
insert into detalles_factura (factura_id, reserva_id, registro_id) values (122, 16, 163);
insert into detalles_factura (factura_id, reserva_id, registro_id) values (129, 21, 167);
insert into detalles_factura (factura_id, reserva_id, registro_id) values (136, 26, 171);
insert into detalles_factura (factura_id, reserva_id, registro_id) values (143, 31, 175);
insert into detalles_factura (factura_id, reserva_id, registro_id) values (150, 36, 179);
insert into detalles_factura (factura_id, reserva_id, registro_id) values (157, 41, 183);
insert into detalles_factura (factura_id, reserva_id, registro_id) values (164, 46, 187);
insert into detalles_factura (factura_id, reserva_id, registro_id) values (171, 51, 191);
insert into detalles_factura (factura_id, reserva_id, registro_id) values (178, 56, 195);
insert into detalles_factura (factura_id, reserva_id, registro_id) values (185, 61, 199);
insert into detalles_factura (factura_id, reserva_id, registro_id) values (192, 66, 203);
insert into detalles_factura (factura_id, reserva_id, registro_id) values (199, 71, 207);
insert into detalles_factura (factura_id, reserva_id, registro_id) values (6, 76, 211);
insert into detalles_factura (factura_id, reserva_id, registro_id) values (13, 81, 215);
insert into detalles_factura (factura_id, reserva_id, registro_id) values (20, 86, 219);
insert into detalles_factura (factura_id, reserva_id, registro_id) values (27, 91, 223);
insert into detalles_factura (factura_id, reserva_id, registro_id) values (34, 96, 227);
insert into detalles_factura (factura_id, reserva_id, registro_id) values (41, 101, 231);
insert into detalles_factura (factura_id, reserva_id, registro_id) values (48, 106, 235);
insert into detalles_factura (factura_id, reserva_id, registro_id) values (55, 111, 239);
insert into detalles_factura (factura_id, reserva_id, registro_id) values (62, 116, 243);
insert into detalles_factura (factura_id, reserva_id, registro_id) values (69, 121, 247);
insert into detalles_factura (factura_id, reserva_id, registro_id) values (76, 126, 1);
insert into detalles_factura (factura_id, reserva_id, registro_id) values (83, 131, 5);
insert into detalles_factura (factura_id, reserva_id, registro_id) values (90, 136, 9);
insert into detalles_factura (factura_id, reserva_id, registro_id) values (97, 141, 13);
insert into detalles_factura (factura_id, reserva_id, registro_id) values (104, 146, 17);
insert into detalles_factura (factura_id, reserva_id, registro_id) values (111, 151, 21);
insert into detalles_factura (factura_id, reserva_id, registro_id) values (118, 156, 25);
insert into detalles_factura (factura_id, reserva_id, registro_id) values (125, 161, 29);
insert into detalles_factura (factura_id, reserva_id, registro_id) values (132, 166, 33);
insert into detalles_factura (factura_id, reserva_id, registro_id) values (139, 171, 37);
insert into detalles_factura (factura_id, reserva_id, registro_id) values (146, 176, 41);
insert into detalles_factura (factura_id, reserva_id, registro_id) values (153, 181, 45);
insert into detalles_factura (factura_id, reserva_id, registro_id) values (160, 186, 49);
insert into detalles_factura (factura_id, reserva_id, registro_id) values (167, 191, 53);
insert into detalles_factura (factura_id, reserva_id, registro_id) values (174, 196, 57);
insert into detalles_factura (factura_id, reserva_id, registro_id) values (181, 201, 61);
insert into detalles_factura (factura_id, reserva_id, registro_id) values (188, 206, 65);
insert into detalles_factura (factura_id, reserva_id, registro_id) values (195, 211, 69);
insert into detalles_factura (factura_id, reserva_id, registro_id) values (2, 216, 73);
insert into detalles_factura (factura_id, reserva_id, registro_id) values (9, 221, 77);
insert into detalles_factura (factura_id, reserva_id, registro_id) values (16, 226, 81);
insert into detalles_factura (factura_id, reserva_id, registro_id) values (23, 231, 85);
insert into detalles_factura (factura_id, reserva_id, registro_id) values (30, 236, 89);
insert into detalles_factura (factura_id, reserva_id, registro_id) values (37, 241, 93);
insert into detalles_factura (factura_id, reserva_id, registro_id) values (44, 246, 97);
insert into detalles_factura (factura_id, reserva_id, registro_id) values (51, 1, 101);
insert into detalles_factura (factura_id, reserva_id, registro_id) values (58, 6, 105);
insert into detalles_factura (factura_id, reserva_id, registro_id) values (65, 11, 109);
insert into detalles_factura (factura_id, reserva_id, registro_id) values (72, 16, 113);
insert into detalles_factura (factura_id, reserva_id, registro_id) values (79, 21, 117);
insert into detalles_factura (factura_id, reserva_id, registro_id) values (86, 26, 121);
insert into detalles_factura (factura_id, reserva_id, registro_id) values (93, 31, 125);
insert into detalles_factura (factura_id, reserva_id, registro_id) values (100, 36, 129);
insert into detalles_factura (factura_id, reserva_id, registro_id) values (107, 41, 133);
insert into detalles_factura (factura_id, reserva_id, registro_id) values (114, 46, 137);
insert into detalles_factura (factura_id, reserva_id, registro_id) values (121, 51, 141);
insert into detalles_factura (factura_id, reserva_id, registro_id) values (128, 56, 145);
insert into detalles_factura (factura_id, reserva_id, registro_id) values (135, 61, 149);
insert into detalles_factura (factura_id, reserva_id, registro_id) values (142, 66, 153);
insert into detalles_factura (factura_id, reserva_id, registro_id) values (149, 71, 157);
insert into detalles_factura (factura_id, reserva_id, registro_id) values (156, 76, 161);
insert into detalles_factura (factura_id, reserva_id, registro_id) values (163, 81, 165);
insert into detalles_factura (factura_id, reserva_id, registro_id) values (170, 86, 169);
insert into detalles_factura (factura_id, reserva_id, registro_id) values (177, 91, 173);
insert into detalles_factura (factura_id, reserva_id, registro_id) values (184, 96, 177);
insert into detalles_factura (factura_id, reserva_id, registro_id) values (191, 101, 181);
insert into detalles_factura (factura_id, reserva_id, registro_id) values (198, 106, 185);
insert into detalles_factura (factura_id, reserva_id, registro_id) values (5, 111, 189);
insert into detalles_factura (factura_id, reserva_id, registro_id) values (12, 116, 193);
insert into detalles_factura (factura_id, reserva_id, registro_id) values (19, 121, 197);
insert into detalles_factura (factura_id, reserva_id, registro_id) values (26, 126, 201);
insert into detalles_factura (factura_id, reserva_id, registro_id) values (33, 131, 205);
insert into detalles_factura (factura_id, reserva_id, registro_id) values (40, 136, 209);
insert into detalles_factura (factura_id, reserva_id, registro_id) values (47, 141, 213);
insert into detalles_factura (factura_id, reserva_id, registro_id) values (54, 146, 217);
insert into detalles_factura (factura_id, reserva_id, registro_id) values (61, 151, 221);
insert into detalles_factura (factura_id, reserva_id, registro_id) values (68, 156, 225);
insert into detalles_factura (factura_id, reserva_id, registro_id) values (75, 161, 229);
insert into detalles_factura (factura_id, reserva_id, registro_id) values (82, 166, 233);
insert into detalles_factura (factura_id, reserva_id, registro_id) values (89, 171, 237);
insert into detalles_factura (factura_id, reserva_id, registro_id) values (96, 176, 241);
insert into detalles_factura (factura_id, reserva_id, registro_id) values (103, 181, 245);
insert into detalles_factura (factura_id, reserva_id, registro_id) values (110, 186, 249);
insert into detalles_factura (factura_id, reserva_id, registro_id) values (117, 191, 3);
insert into detalles_factura (factura_id, reserva_id, registro_id) values (124, 196, 7);
insert into detalles_factura (factura_id, reserva_id, registro_id) values (131, 201, 11);
insert into detalles_factura (factura_id, reserva_id, registro_id) values (138, 206, 15);
insert into detalles_factura (factura_id, reserva_id, registro_id) values (145, 211, 19);
insert into detalles_factura (factura_id, reserva_id, registro_id) values (152, 216, 23);
insert into detalles_factura (factura_id, reserva_id, registro_id) values (159, 221, 27);
insert into detalles_factura (factura_id, reserva_id, registro_id) values (166, 226, 31);
insert into detalles_factura (factura_id, reserva_id, registro_id) values (173, 231, 35);
insert into detalles_factura (factura_id, reserva_id, registro_id) values (180, 236, 39);
insert into detalles_factura (factura_id, reserva_id, registro_id) values (187, 241, 43);
insert into detalles_factura (factura_id, reserva_id, registro_id) values (194, 246, 47);


